Timestamp,StimuliName,FixationIndex,FixationDuration,MappedFixationPointX,MappedFixationPointY,user,description
0,2586,01_Antwerpen_S1.jpg,9,250,1151,458,p1,color
1,2836,01_Antwerpen_S1.jpg,10,150,1371,316,p1,color
2,2986,01_Antwerpen_S1.jpg,11,283,1342,287,p1,color
3,3269,01_Antwerpen_S1.jpg,12,433,762,303,p1,color
4,3702,01_Antwerpen_S1.jpg,13,183,624,297,p1,color
5,3885,01_Antwerpen_S1.jpg,14,333,712,303,p1,color
6,4218,01_Antwerpen_S1.jpg,15,300,753,293,p1,color
7,4518,01_Antwerpen_S1.jpg,16,516,804,284,p1,color
8,5035,01_Antwerpen_S1.jpg,17,183,724,305,p1,color
9,5218,01_Antwerpen_S1.jpg,18,250,652,703,p1,color
10,5468,01_Antwerpen_S1.jpg,19,183,495,855,p1,color
11,5651,01_Antwerpen_S1.jpg,20,550,425,976,p1,color
12,6200,01_Antwerpen_S1.jpg,21,150,620,739,p1,color
13,6517,01_Antwerpen_S1.jpg,22,333,601,674,p1,color
14,9066,02_Berlin_S1.jpg,27,149,1067,681,p1,color
15,9215,02_Berlin_S1.jpg,28,266,1116,757,p1,color
16,9481,02_Berlin_S1.jpg,29,217,1020,723,p1,color
17,9698,02_Berlin_S1.jpg,30,183,711,781,p1,color
18,9881,02_Berlin_S1.jpg,31,183,439,776,p1,color
19,10064,02_Berlin_S1.jpg,32,167,328,552,p1,color
20,10231,02_Berlin_S1.jpg,33,400,310,359,p1,color
21,10631,02_Berlin_S1.jpg,34,666,246,336,p1,color
22,11297,02_Berlin_S1.jpg,35,333,172,279,p1,color
23,13679,03_Bordeaux_S1.jpg,40,316,1152,790,p1,color
24,13995,03_Bordeaux_S1.jpg,41,583,1424,860,p1,color
25,14578,03_Bordeaux_S1.jpg,42,283,1486,979,p1,color
26,14861,03_Bordeaux_S1.jpg,43,233,1419,863,p1,color
27,15094,03_Bordeaux_S1.jpg,44,266,1149,781,p1,color
28,17559,04_Köln_S1.jpg,49,200,151,813,p1,color
29,17759,04_Köln_S1.jpg,50,183,741,806,p1,color
30,17943,04_Köln_S1.jpg,51,216,1035,782,p1,color
31,18159,04_Köln_S1.jpg,52,117,1068,708,p1,color
32,18276,04_Köln_S1.jpg,53,350,1137,657,p1,color
33,18625,04_Köln_S1.jpg,54,133,1202,363,p1,color
34,18759,04_Köln_S1.jpg,55,316,1391,251,p1,color
35,19075,04_Köln_S1.jpg,56,100,1262,397,p1,color
36,19175,04_Köln_S1.jpg,57,450,1136,683,p1,color
37,19625,04_Köln_S1.jpg,58,366,1138,615,p1,color
38,19991,04_Köln_S1.jpg,59,100,1090,671,p1,color
39,20224,04_Köln_S1.jpg,60,283,1133,649,p1,color
40,20507,04_Köln_S1.jpg,61,300,1109,684,p1,color
41,20807,04_Köln_S1.jpg,62,100,1077,699,p1,color
42,21057,04_Köln_S1.jpg,63,200,1075,675,p1,color
43,21257,04_Köln_S1.jpg,64,133,943,715,p1,color
44,21390,04_Köln_S1.jpg,65,300,733,804,p1,color
45,21690,04_Köln_S1.jpg,66,117,450,812,p1,color
46,21807,04_Köln_S1.jpg,67,466,160,825,p1,color
47,22273,04_Köln_S1.jpg,68,233,77,799,p1,color
48,22506,04_Köln_S1.jpg,69,300,592,802,p1,color
49,22806,04_Köln_S1.jpg,70,883,757,803,p1,color
50,23822,04_Köln_S1.jpg,71,167,748,738,p1,color
51,23988,04_Köln_S1.jpg,72,266,852,614,p1,color
52,24255,04_Köln_S1.jpg,73,433,910,601,p1,color
53,24688,04_Köln_S1.jpg,74,167,861,538,p1,color
54,24855,04_Köln_S1.jpg,75,183,869,501,p1,color
55,25038,04_Köln_S1.jpg,76,183,888,308,p1,color
56,25221,04_Köln_S1.jpg,77,183,1100,146,p1,color
57,25404,04_Köln_S1.jpg,78,250,1415,219,p1,color
58,25654,04_Köln_S1.jpg,79,633,1353,269,p1,color
59,26421,04_Köln_S1.jpg,80,333,925,372,p1,color
60,28719,05_Frankfurt_S1.jpg,84,83,596,362,p1,color
61,28802,05_Frankfurt_S1.jpg,85,466,480,265,p1,color
62,29268,05_Frankfurt_S1.jpg,86,300,449,219,p1,color
63,29568,05_Frankfurt_S1.jpg,87,233,549,351,p1,color
64,29801,05_Frankfurt_S1.jpg,88,316,927,435,p1,color
65,30118,05_Frankfurt_S1.jpg,89,250,1108,544,p1,color
66,30368,05_Frankfurt_S1.jpg,90,183,506,300,p1,color
67,30551,05_Frankfurt_S1.jpg,91,167,538,325,p1,color
68,30717,05_Frankfurt_S1.jpg,92,166,645,516,p1,color
69,30884,05_Frankfurt_S1.jpg,93,200,768,1058,p1,color
70,31084,05_Frankfurt_S1.jpg,94,133,711,998,p1,color
71,31217,05_Frankfurt_S1.jpg,95,283,735,626,p1,color
72,31500,05_Frankfurt_S1.jpg,96,616,634,395,p1,color
73,32116,05_Frankfurt_S1.jpg,97,200,813,396,p1,color
74,32316,05_Frankfurt_S1.jpg,98,300,691,407,p1,color
75,32616,05_Frankfurt_S1.jpg,99,250,1061,532,p1,color
76,32866,05_Frankfurt_S1.jpg,100,250,1108,574,p1,color
77,33116,05_Frankfurt_S1.jpg,101,150,1140,607,p1,color
78,33366,05_Frankfurt_S1.jpg,102,200,1162,643,p1,color
79,33565,05_Frankfurt_S1.jpg,103,200,1080,705,p1,color
80,33765,05_Frankfurt_S1.jpg,104,216,779,774,p1,color
81,33982,05_Frankfurt_S1.jpg,105,333,708,972,p1,color
82,34315,05_Frankfurt_S1.jpg,106,516,925,706,p1,color
83,34831,05_Frankfurt_S1.jpg,107,233,779,798,p1,color
84,35064,05_Frankfurt_S1.jpg,108,183,830,767,p1,color
85,35248,05_Frankfurt_S1.jpg,109,383,881,736,p1,color
86,35631,05_Frankfurt_S1.jpg,110,166,1044,702,p1,color
87,35981,05_Frankfurt_S1.jpg,111,166,918,717,p1,color
88,38462,06_Hamburg_S1.jpg,117,300,219,437,p1,color
89,38762,06_Hamburg_S1.jpg,118,366,291,686,p1,color
90,39128,06_Hamburg_S1.jpg,119,217,993,860,p1,color
91,39345,06_Hamburg_S1.jpg,120,200,1077,941,p1,color
92,39545,06_Hamburg_S1.jpg,121,216,456,737,p1,color
93,39761,06_Hamburg_S1.jpg,122,450,294,720,p1,color
94,40211,06_Hamburg_S1.jpg,123,116,376,743,p1,color
95,40327,06_Hamburg_S1.jpg,124,150,650,736,p1,color
96,40477,06_Hamburg_S1.jpg,125,250,836,768,p1,color
97,40727,06_Hamburg_S1.jpg,126,217,961,811,p1,color
98,40944,06_Hamburg_S1.jpg,127,450,1023,841,p1,color
99,41393,06_Hamburg_S1.jpg,128,183,1071,905,p1,color
100,41577,06_Hamburg_S1.jpg,129,266,1037,914,p1,color
101,41843,06_Hamburg_S1.jpg,130,400,1017,859,p1,color
102,42243,06_Hamburg_S1.jpg,131,217,1064,921,p1,color
103,42459,06_Hamburg_S1.jpg,132,316,1110,962,p1,color
104,44491,07_Moskau_S1.jpg,135,216,155,408,p1,color
105,44708,07_Moskau_S1.jpg,136,450,96,378,p1,color
106,45158,07_Moskau_S1.jpg,137,167,94,334,p1,color
107,45324,07_Moskau_S1.jpg,138,200,447,538,p1,color
108,45524,07_Moskau_S1.jpg,139,333,728,550,p1,color
109,45857,07_Moskau_S1.jpg,140,300,774,578,p1,color
110,46291,07_Moskau_S1.jpg,141,383,788,558,p1,color
111,46673,07_Moskau_S1.jpg,142,316,956,545,p1,color
112,46990,07_Moskau_S1.jpg,143,216,1198,531,p1,color
113,47206,07_Moskau_S1.jpg,144,233,1130,370,p1,color
114,47439,07_Moskau_S1.jpg,145,433,1017,372,p1,color
115,47872,07_Moskau_S1.jpg,146,666,839,582,p1,color
116,48689,07_Moskau_S1.jpg,147,783,787,607,p1,color
117,49605,07_Moskau_S1.jpg,148,500,790,601,p1,color
118,50104,07_Moskau_S1.jpg,149,167,869,623,p1,color
119,50271,07_Moskau_S1.jpg,150,233,946,449,p1,color
120,50504,07_Moskau_S1.jpg,151,166,1011,379,p1,color
121,50671,07_Moskau_S1.jpg,152,550,1024,294,p1,color
122,51220,07_Moskau_S1.jpg,153,316,1012,367,p1,color
123,51537,07_Moskau_S1.jpg,154,233,1119,258,p1,color
124,53419,08_Riga_S1.jpg,158,666,1514,542,p1,color
125,54085,08_Riga_S1.jpg,159,217,1306,565,p1,color
126,54302,08_Riga_S1.jpg,160,150,1260,539,p1,color
127,54451,08_Riga_S1.jpg,161,283,1047,625,p1,color
128,54734,08_Riga_S1.jpg,162,866,1479,570,p1,color
129,55717,08_Riga_S1.jpg,163,166,1507,549,p1,color
130,55884,08_Riga_S1.jpg,164,217,1391,564,p1,color
131,56100,08_Riga_S1.jpg,165,366,1223,554,p1,color
132,56467,08_Riga_S1.jpg,166,117,1297,664,p1,color
133,56583,08_Riga_S1.jpg,167,366,1442,558,p1,color
134,56950,08_Riga_S1.jpg,168,700,1515,553,p1,color
135,57783,08_Riga_S1.jpg,169,199,1519,537,p1,color
136,57982,08_Riga_S1.jpg,170,483,1478,565,p1,color
137,58465,08_Riga_S1.jpg,171,183,1201,299,p1,color
138,58649,08_Riga_S1.jpg,172,233,944,193,p1,color
139,58882,08_Riga_S1.jpg,173,183,615,284,p1,color
140,59065,08_Riga_S1.jpg,174,266,348,628,p1,color
141,59331,08_Riga_S1.jpg,175,400,283,719,p1,color
142,59731,08_Riga_S1.jpg,176,400,307,690,p1,color
143,60131,08_Riga_S1.jpg,177,849,277,734,p1,color
144,60980,08_Riga_S1.jpg,178,283,335,680,p1,color
145,61263,08_Riga_S1.jpg,179,366,430,627,p1,color
146,61763,08_Riga_S1.jpg,180,216,406,562,p1,color
147,61980,08_Riga_S1.jpg,181,183,499,480,p1,color
148,62163,08_Riga_S1.jpg,182,450,1454,556,p1,color
149,62613,08_Riga_S1.jpg,183,233,1501,551,p1,color
150,62846,08_Riga_S1.jpg,184,400,230,984,p1,color
151,63245,08_Riga_S1.jpg,185,200,300,960,p1,color
152,63445,08_Riga_S1.jpg,186,117,563,839,p1,color
153,63562,08_Riga_S1.jpg,187,183,650,785,p1,color
154,63745,08_Riga_S1.jpg,188,233,805,702,p1,color
155,63978,08_Riga_S1.jpg,189,250,775,728,p1,color
156,64228,08_Riga_S1.jpg,190,316,1426,543,p1,color
157,64545,08_Riga_S1.jpg,191,250,1250,501,p1,color
158,64794,08_Riga_S1.jpg,192,333,1203,381,p1,color
159,65127,08_Riga_S1.jpg,193,183,1278,365,p1,color
160,65311,08_Riga_S1.jpg,194,700,1488,541,p1,color
161,66010,08_Riga_S1.jpg,195,216,1403,426,p1,color
162,66227,08_Riga_S1.jpg,196,250,1253,345,p1,color
163,66477,08_Riga_S1.jpg,197,483,1206,303,p1,color
164,66960,08_Riga_S1.jpg,198,216,861,626,p1,color
165,67176,08_Riga_S1.jpg,199,200,662,761,p1,color
166,67376,08_Riga_S1.jpg,200,283,353,935,p1,color
167,67659,08_Riga_S1.jpg,201,366,231,969,p1,color
168,68026,08_Riga_S1.jpg,202,266,374,973,p1,color
169,68292,08_Riga_S1.jpg,203,216,320,983,p1,color
170,68509,08_Riga_S1.jpg,204,516,223,973,p1,color
171,69025,08_Riga_S1.jpg,205,233,312,1034,p1,color
172,71440,09_Tokyo_S1.jpg,211,200,342,902,p1,color
173,71640,09_Tokyo_S1.jpg,212,167,418,828,p1,color
174,71806,09_Tokyo_S1.jpg,213,266,485,744,p1,color
175,72073,09_Tokyo_S1.jpg,214,216,680,615,p1,color
176,72289,09_Tokyo_S1.jpg,215,833,877,612,p1,color
177,73122,09_Tokyo_S1.jpg,216,216,718,603,p1,color
178,73339,09_Tokyo_S1.jpg,217,216,453,761,p1,color
179,73555,09_Tokyo_S1.jpg,218,183,392,820,p1,color
180,73738,09_Tokyo_S1.jpg,219,266,349,878,p1,color
181,74005,09_Tokyo_S1.jpg,220,233,496,731,p1,color
182,74238,09_Tokyo_S1.jpg,221,233,604,638,p1,color
183,74471,09_Tokyo_S1.jpg,222,316,874,609,p1,color
184,74788,09_Tokyo_S1.jpg,223,200,1007,617,p1,color
185,74988,09_Tokyo_S1.jpg,224,283,1067,631,p1,color
186,75271,09_Tokyo_S1.jpg,225,433,1067,504,p1,color
187,75704,09_Tokyo_S1.jpg,226,466,1043,406,p1,color
188,79251,10_Barcelona_S1.jpg,232,200,1117,523,p1,color
189,79451,10_Barcelona_S1.jpg,233,250,1096,577,p1,color
190,79701,10_Barcelona_S1.jpg,234,250,1109,640,p1,color
191,79951,10_Barcelona_S1.jpg,235,167,1062,685,p1,color
192,80117,10_Barcelona_S1.jpg,236,250,1113,670,p1,color
193,80367,10_Barcelona_S1.jpg,237,166,769,707,p1,color
194,80534,10_Barcelona_S1.jpg,238,216,574,706,p1,color
195,80750,10_Barcelona_S1.jpg,239,200,678,698,p1,color
196,80950,10_Barcelona_S1.jpg,240,633,475,712,p1,color
197,81583,10_Barcelona_S1.jpg,241,666,455,502,p1,color
198,84198,11_Bologna_S1.jpg,245,183,103,514,p1,color
199,84381,11_Bologna_S1.jpg,246,483,129,863,p1,color
200,84864,11_Bologna_S1.jpg,247,416,226,885,p1,color
201,85281,11_Bologna_S1.jpg,248,150,269,899,p1,color
202,85580,11_Bologna_S1.jpg,249,17,257,864,p1,color
203,85764,11_Bologna_S1.jpg,250,266,199,901,p1,color
204,86030,11_Bologna_S1.jpg,251,250,639,819,p1,color
205,86280,11_Bologna_S1.jpg,252,233,692,708,p1,color
206,86513,11_Bologna_S1.jpg,253,716,670,776,p1,color
207,87229,11_Bologna_S1.jpg,254,266,668,690,p1,color
208,87496,11_Bologna_S1.jpg,255,233,672,643,p1,color
209,87879,11_Bologna_S1.jpg,256,166,693,626,p1,color
210,88045,11_Bologna_S1.jpg,257,233,693,688,p1,color
211,88279,11_Bologna_S1.jpg,258,350,762,667,p1,color
212,88628,11_Bologna_S1.jpg,259,133,696,725,p1,color
213,88762,11_Bologna_S1.jpg,260,366,668,778,p1,color
214,89128,11_Bologna_S1.jpg,261,300,594,614,p1,color
215,89428,11_Bologna_S1.jpg,262,183,272,372,p1,color
216,89611,11_Bologna_S1.jpg,263,300,169,317,p1,color
217,89911,11_Bologna_S1.jpg,264,200,122,272,p1,color
218,90111,11_Bologna_S1.jpg,265,250,99,309,p1,color
219,90361,11_Bologna_S1.jpg,266,250,380,306,p1,color
220,90610,11_Bologna_S1.jpg,267,266,696,292,p1,color
221,90877,11_Bologna_S1.jpg,268,216,760,217,p1,color
222,91093,11_Bologna_S1.jpg,269,250,717,730,p1,color
223,91343,11_Bologna_S1.jpg,270,350,681,778,p1,color
224,91693,11_Bologna_S1.jpg,271,433,682,741,p1,color
225,92126,11_Bologna_S1.jpg,272,283,698,636,p1,color
226,92409,11_Bologna_S1.jpg,273,183,704,697,p1,color
227,92592,11_Bologna_S1.jpg,274,250,699,337,p1,color
228,92842,11_Bologna_S1.jpg,275,1016,703,213,p1,color
229,93858,11_Bologna_S1.jpg,276,433,731,111,p1,color
230,94291,11_Bologna_S1.jpg,277,216,638,99,p1,color
231,94508,11_Bologna_S1.jpg,278,283,320,254,p1,color
232,94791,11_Bologna_S1.jpg,279,383,345,326,p1,color
233,95174,11_Bologna_S1.jpg,280,383,227,317,p1,color
234,95557,11_Bologna_S1.jpg,281,316,146,280,p1,color
235,95874,11_Bologna_S1.jpg,282,600,98,304,p1,color
236,96473,11_Bologna_S1.jpg,283,400,682,200,p1,color
237,96873,11_Bologna_S1.jpg,284,383,736,105,p1,color
238,97389,11_Bologna_S1.jpg,285,166,664,140,p1,color
239,97556,11_Bologna_S1.jpg,286,250,314,270,p1,color
240,100520,12_Brüssel_S1.jpg,293,250,513,598,p1,color
241,100770,12_Brüssel_S1.jpg,294,333,542,722,p1,color
242,101103,12_Brüssel_S1.jpg,295,283,718,946,p1,color
243,101387,12_Brüssel_S1.jpg,296,133,880,998,p1,color
244,101520,12_Brüssel_S1.jpg,297,433,681,952,p1,color
245,101953,12_Brüssel_S1.jpg,298,183,720,946,p1,color
246,102136,12_Brüssel_S1.jpg,299,250,1113,995,p1,color
247,102386,12_Brüssel_S1.jpg,300,167,1204,1007,p1,color
248,102552,12_Brüssel_S1.jpg,301,233,870,999,p1,color
249,102786,12_Brüssel_S1.jpg,302,333,920,1009,p1,color
250,103119,12_Brüssel_S1.jpg,303,200,1024,998,p1,color
251,103319,12_Brüssel_S1.jpg,304,316,1060,1008,p1,color
252,103902,12_Brüssel_S1.jpg,305,316,1076,1005,p1,color
253,104218,12_Brüssel_S1.jpg,306,366,779,992,p1,color
254,104584,12_Brüssel_S1.jpg,307,216,1033,1009,p1,color
255,104801,12_Brüssel_S1.jpg,308,316,1078,1012,p1,color
256,105117,12_Brüssel_S1.jpg,309,366,1233,1002,p1,color
257,105484,12_Brüssel_S1.jpg,310,217,1276,992,p1,color
258,105700,12_Brüssel_S1.jpg,311,400,1351,1002,p1,color
259,106100,12_Brüssel_S1.jpg,312,233,1228,958,p1,color
260,106517,12_Brüssel_S1.jpg,313,183,708,637,p1,color
261,106700,12_Brüssel_S1.jpg,314,1266,472,504,p1,color
262,109464,13_Budapest_S1.jpg,317,350,728,730,p1,color
263,109814,13_Budapest_S1.jpg,318,183,701,675,p1,color
264,109997,13_Budapest_S1.jpg,319,583,706,734,p1,color
265,110580,13_Budapest_S1.jpg,320,400,747,777,p1,color
266,110980,13_Budapest_S1.jpg,321,200,718,745,p1,color
267,111180,13_Budapest_S1.jpg,322,183,673,610,p1,color
268,111363,13_Budapest_S1.jpg,323,266,660,525,p1,color
269,111630,13_Budapest_S1.jpg,324,816,742,767,p1,color
270,112446,13_Budapest_S1.jpg,325,283,707,750,p1,color
271,112729,13_Budapest_S1.jpg,326,200,1276,560,p1,color
272,112929,13_Budapest_S1.jpg,327,217,1255,500,p1,color
273,113145,13_Budapest_S1.jpg,328,333,1382,469,p1,color
274,113478,13_Budapest_S1.jpg,329,350,1367,433,p1,color
275,113828,13_Budapest_S1.jpg,330,150,1366,689,p1,color
276,113978,13_Budapest_S1.jpg,331,383,892,886,p1,color
277,114361,13_Budapest_S1.jpg,332,150,1244,995,p1,color
278,114511,13_Budapest_S1.jpg,333,167,1139,1042,p1,color
279,114678,13_Budapest_S1.jpg,334,117,1059,1052,p1,color
280,114794,13_Budapest_S1.jpg,335,400,758,777,p1,color
281,115194,13_Budapest_S1.jpg,336,183,883,820,p1,color
282,115377,13_Budapest_S1.jpg,337,300,743,728,p1,color
283,115827,13_Budapest_S1.jpg,338,1532,742,775,p1,color
284,117359,13_Budapest_S1.jpg,339,600,703,751,p1,color
285,117959,13_Budapest_S1.jpg,340,550,737,808,p1,color
286,118508,13_Budapest_S1.jpg,341,416,812,757,p1,color
287,118925,13_Budapest_S1.jpg,342,366,745,794,p1,color
288,119291,13_Budapest_S1.jpg,343,783,806,764,p1,color
289,120074,13_Budapest_S1.jpg,344,516,737,807,p1,color
290,120590,13_Budapest_S1.jpg,345,333,810,758,p1,color
291,120923,13_Budapest_S1.jpg,346,183,907,847,p1,color
292,121106,13_Budapest_S1.jpg,347,433,1025,1048,p1,color
293,121540,13_Budapest_S1.jpg,348,166,1067,1082,p1,color
294,121706,13_Budapest_S1.jpg,349,450,1027,1080,p1,color
295,122156,13_Budapest_S1.jpg,350,433,1000,1040,p1,color
296,122589,13_Budapest_S1.jpg,351,250,1053,950,p1,color
297,123005,13_Budapest_S1.jpg,352,83,1058,939,p1,color
298,123089,13_Budapest_S1.jpg,353,400,969,1036,p1,color
299,123738,13_Budapest_S1.jpg,354,83,975,1025,p1,color
300,123821,13_Budapest_S1.jpg,355,450,1022,1052,p1,color
301,124271,13_Budapest_S1.jpg,356,516,1046,1095,p1,color
302,124787,13_Budapest_S1.jpg,357,1049,982,1008,p1,color
303,125837,13_Budapest_S1.jpg,358,166,1045,973,p1,color
304,126003,13_Budapest_S1.jpg,359,366,1070,941,p1,color
305,126370,13_Budapest_S1.jpg,360,516,970,1001,p1,color
306,127036,13_Budapest_S1.jpg,361,433,1092,930,p1,color
307,127469,13_Budapest_S1.jpg,362,650,1183,831,p1,color
308,128119,13_Budapest_S1.jpg,363,233,1258,623,p1,color
309,128352,13_Budapest_S1.jpg,364,300,1271,537,p1,color
310,128652,13_Budapest_S1.jpg,365,316,1269,501,p1,color
311,128968,13_Budapest_S1.jpg,366,483,1379,485,p1,color
312,129451,13_Budapest_S1.jpg,367,483,1269,496,p1,color
313,129934,13_Budapest_S1.jpg,368,200,1383,474,p1,color
314,130300,13_Budapest_S1.jpg,369,250,1392,456,p1,color
315,130734,13_Budapest_S1.jpg,370,183,1365,423,p1,color
316,130917,13_Budapest_S1.jpg,371,400,759,476,p1,color
317,133115,14_Düsseldorf_S1.jpg,375,250,359,436,p1,color
318,133365,14_Düsseldorf_S1.jpg,376,100,318,310,p1,color
319,133465,14_Düsseldorf_S1.jpg,377,183,694,781,p1,color
320,133648,14_Düsseldorf_S1.jpg,378,466,732,881,p1,color
321,134115,14_Düsseldorf_S1.jpg,379,216,574,763,p1,color
322,134331,14_Düsseldorf_S1.jpg,380,266,464,673,p1,color
323,134598,14_Düsseldorf_S1.jpg,381,350,299,590,p1,color
324,134947,14_Düsseldorf_S1.jpg,382,483,278,528,p1,color
325,135430,14_Düsseldorf_S1.jpg,383,183,334,415,p1,color
326,135614,14_Düsseldorf_S1.jpg,384,150,347,378,p1,color
327,135763,14_Düsseldorf_S1.jpg,385,283,300,240,p1,color
328,136047,14_Düsseldorf_S1.jpg,386,749,302,164,p1,color
329,138378,15_Göteborg_S1.jpg,390,266,406,860,p1,color
330,138645,15_Göteborg_S1.jpg,391,250,376,911,p1,color
331,138895,15_Göteborg_S1.jpg,392,183,697,337,p1,color
332,139078,15_Göteborg_S1.jpg,393,200,751,160,p1,color
333,139278,15_Göteborg_S1.jpg,394,216,569,876,p1,color
334,139494,15_Göteborg_S1.jpg,395,133,468,901,p1,color
335,139628,15_Göteborg_S1.jpg,396,483,718,754,p1,color
336,140111,15_Göteborg_S1.jpg,397,266,153,434,p1,color
337,140377,15_Göteborg_S1.jpg,398,250,1421,1133,p1,color
338,140627,15_Göteborg_S1.jpg,399,283,1497,1119,p1,color
339,140910,15_Göteborg_S1.jpg,400,167,1468,1139,p1,color
340,141077,15_Göteborg_S1.jpg,401,233,448,952,p1,color
341,141310,15_Göteborg_S1.jpg,402,100,495,891,p1,color
342,141410,15_Göteborg_S1.jpg,403,216,675,816,p1,color
343,141626,15_Göteborg_S1.jpg,404,200,744,775,p1,color
344,141826,15_Göteborg_S1.jpg,405,300,762,634,p1,color
345,142126,15_Göteborg_S1.jpg,406,966,732,592,p1,color
346,143092,15_Göteborg_S1.jpg,407,167,749,472,p1,color
347,143375,15_Göteborg_S1.jpg,408,183,1152,262,p1,color
348,143558,15_Göteborg_S1.jpg,409,250,1201,171,p1,color
349,143808,15_Göteborg_S1.jpg,410,333,725,101,p1,color
350,144141,15_Göteborg_S1.jpg,411,383,1214,219,p1,color
351,146356,16_Hong_Kong_S1.jpg,415,150,902,897,p1,color
352,146506,16_Hong_Kong_S1.jpg,416,466,912,1039,p1,color
353,146973,16_Hong_Kong_S1.jpg,417,383,1180,966,p1,color
354,147356,16_Hong_Kong_S1.jpg,418,516,1286,655,p1,color
355,147872,16_Hong_Kong_S1.jpg,419,167,1382,915,p1,color
356,148039,16_Hong_Kong_S1.jpg,420,100,1451,887,p1,color
357,148138,16_Hong_Kong_S1.jpg,421,216,1177,976,p1,color
358,148355,16_Hong_Kong_S1.jpg,422,566,1268,981,p1,color
359,148921,16_Hong_Kong_S1.jpg,423,500,1473,835,p1,color
360,149421,16_Hong_Kong_S1.jpg,424,566,1290,704,p1,color
361,151819,17_Krakau_S1.jpg,428,400,334,524,p1,color
362,152219,17_Krakau_S1.jpg,429,217,562,500,p1,color
363,152569,17_Krakau_S1.jpg,430,283,581,516,p1,color
364,152852,17_Krakau_S1.jpg,431,316,369,529,p1,color
365,153169,17_Krakau_S1.jpg,432,233,538,537,p1,color
366,153402,17_Krakau_S1.jpg,433,283,632,583,p1,color
367,153685,17_Krakau_S1.jpg,434,433,320,532,p1,color
368,154118,17_Krakau_S1.jpg,435,400,616,564,p1,color
369,154518,17_Krakau_S1.jpg,436,166,546,561,p1,color
370,154684,17_Krakau_S1.jpg,437,799,917,672,p1,color
371,155484,17_Krakau_S1.jpg,438,316,1180,722,p1,color
372,155800,17_Krakau_S1.jpg,439,200,960,649,p1,color
373,156000,17_Krakau_S1.jpg,440,716,949,600,p1,color
374,156716,17_Krakau_S1.jpg,441,1199,939,635,p1,color
375,158115,17_Krakau_S1.jpg,442,133,973,627,p1,color
376,158248,17_Krakau_S1.jpg,443,1999,974,584,p1,color
377,160247,17_Krakau_S1.jpg,444,200,949,651,p1,color
378,160447,17_Krakau_S1.jpg,445,916,969,592,p1,color
379,161496,17_Krakau_S1.jpg,446,1499,975,544,p1,color
380,163112,17_Krakau_S1.jpg,447,317,961,523,p1,color
381,163428,17_Krakau_S1.jpg,448,233,954,591,p1,color
382,163661,17_Krakau_S1.jpg,449,750,963,476,p1,color
383,164411,17_Krakau_S1.jpg,450,216,986,442,p1,color
384,164744,17_Krakau_S1.jpg,451,133,1000,488,p1,color
385,164877,17_Krakau_S1.jpg,452,300,882,715,p1,color
386,165177,17_Krakau_S1.jpg,453,217,1093,933,p1,color
387,165394,17_Krakau_S1.jpg,454,266,1212,783,p1,color
388,165660,17_Krakau_S1.jpg,455,316,1170,741,p1,color
389,165976,17_Krakau_S1.jpg,456,383,1180,574,p1,color
390,166360,17_Krakau_S1.jpg,457,167,1262,576,p1,color
391,166526,17_Krakau_S1.jpg,458,250,1176,815,p1,color
392,166776,17_Krakau_S1.jpg,459,233,1236,824,p1,color
393,167009,17_Krakau_S1.jpg,460,233,900,698,p1,color
394,167242,17_Krakau_S1.jpg,461,150,571,572,p1,color
395,167392,17_Krakau_S1.jpg,462,350,420,536,p1,color
396,167742,17_Krakau_S1.jpg,463,416,583,537,p1,color
397,168158,17_Krakau_S1.jpg,464,200,680,591,p1,color
398,168358,17_Krakau_S1.jpg,465,300,980,721,p1,color
399,168658,17_Krakau_S1.jpg,466,266,912,720,p1,color
400,168925,17_Krakau_S1.jpg,467,266,889,790,p1,color
401,169191,17_Krakau_S1.jpg,468,283,928,990,p1,color
402,169474,17_Krakau_S1.jpg,469,183,971,1017,p1,color
403,169657,17_Krakau_S1.jpg,470,2981,948,1082,p1,color
404,172639,17_Krakau_S1.jpg,471,233,1089,1018,p1,color
405,172872,17_Krakau_S1.jpg,472,366,1163,939,p1,color
406,173238,17_Krakau_S1.jpg,473,250,1234,835,p1,color
407,173488,17_Krakau_S1.jpg,474,383,1202,779,p1,color
408,176203,18_Ljubljana_S1.jpg,479,167,426,744,p1,color
409,176370,18_Ljubljana_S1.jpg,480,183,356,969,p1,color
410,176553,18_Ljubljana_S1.jpg,481,283,296,984,p1,color
411,176836,18_Ljubljana_S1.jpg,482,233,533,900,p1,color
412,177069,18_Ljubljana_S1.jpg,483,383,571,744,p1,color
413,177452,18_Ljubljana_S1.jpg,484,316,563,550,p1,color
414,177769,18_Ljubljana_S1.jpg,485,216,619,537,p1,color
415,177985,18_Ljubljana_S1.jpg,486,300,582,533,p1,color
416,178285,18_Ljubljana_S1.jpg,487,416,670,518,p1,color
417,178701,18_Ljubljana_S1.jpg,488,400,715,526,p1,color
418,179101,18_Ljubljana_S1.jpg,489,233,588,545,p1,color
419,179334,18_Ljubljana_S1.jpg,490,316,570,610,p1,color
420,179651,18_Ljubljana_S1.jpg,491,250,572,522,p1,color
421,179901,18_Ljubljana_S1.jpg,492,333,538,422,p1,color
422,180234,18_Ljubljana_S1.jpg,493,600,565,622,p1,color
423,180833,18_Ljubljana_S1.jpg,494,333,514,399,p1,color
424,181166,18_Ljubljana_S1.jpg,495,283,383,366,p1,color
425,181449,18_Ljubljana_S1.jpg,496,250,311,334,p1,color
426,181699,18_Ljubljana_S1.jpg,497,466,584,333,p1,color
427,182166,18_Ljubljana_S1.jpg,498,583,565,625,p1,color
428,182749,18_Ljubljana_S1.jpg,499,216,582,409,p1,color
429,182965,18_Ljubljana_S1.jpg,500,683,583,329,p1,color
430,183648,18_Ljubljana_S1.jpg,501,250,620,349,p1,color
431,184031,18_Ljubljana_S1.jpg,502,633,601,341,p1,color
432,186929,19_New_York_S1.jpg,508,167,324,719,p1,color
433,187096,19_New_York_S1.jpg,509,233,289,755,p1,color
434,187329,19_New_York_S1.jpg,510,100,284,715,p1,color
435,187596,19_New_York_S1.jpg,511,150,300,517,p1,color
436,187745,19_New_York_S1.jpg,512,516,310,428,p1,color
437,188262,19_New_York_S1.jpg,513,366,396,433,p1,color
438,188628,19_New_York_S1.jpg,514,233,402,667,p1,color
439,188861,19_New_York_S1.jpg,515,283,308,780,p1,color
440,189144,19_New_York_S1.jpg,516,266,377,838,p1,color
441,189411,19_New_York_S1.jpg,517,117,316,823,p1,color
442,189527,19_New_York_S1.jpg,518,483,299,754,p1,color
443,190010,19_New_York_S1.jpg,519,300,289,644,p1,color
444,190310,19_New_York_S1.jpg,520,350,297,537,p1,color
445,190660,19_New_York_S1.jpg,521,666,306,463,p1,color
446,191459,19_New_York_S1.jpg,522,200,295,426,p1,color
447,191659,19_New_York_S1.jpg,523,233,332,431,p1,color
448,191892,19_New_York_S1.jpg,524,1183,424,433,p1,color
449,193075,19_New_York_S1.jpg,525,533,321,443,p1,color
450,193742,19_New_York_S1.jpg,526,349,304,446,p1,color
451,194091,19_New_York_S1.jpg,527,1516,419,439,p1,color
452,197589,20_Paris_S1.jpg,531,400,1010,825,p1,color
453,197988,20_Paris_S1.jpg,532,450,1207,808,p1,color
454,198438,20_Paris_S1.jpg,533,200,1231,721,p1,color
455,198638,20_Paris_S1.jpg,534,366,1248,541,p1,color
456,199004,20_Paris_S1.jpg,535,216,1222,491,p1,color
457,199221,20_Paris_S1.jpg,536,183,1205,713,p1,color
458,199404,20_Paris_S1.jpg,537,1149,1216,826,p1,color
459,200553,20_Paris_S1.jpg,538,200,1052,828,p1,color
460,200753,20_Paris_S1.jpg,539,266,1218,819,p1,color
461,201020,20_Paris_S1.jpg,540,266,1228,639,p1,color
462,201286,20_Paris_S1.jpg,541,167,1213,533,p1,color
463,201453,20_Paris_S1.jpg,542,400,1217,496,p1,color
464,201986,20_Paris_S1.jpg,543,916,1233,472,p1,color
465,202902,20_Paris_S1.jpg,544,566,1222,652,p1,color
466,203468,20_Paris_S1.jpg,545,200,1215,820,p1,color
467,203668,20_Paris_S1.jpg,546,366,1245,535,p1,color
468,204034,20_Paris_S1.jpg,547,533,1233,484,p1,color
469,204567,20_Paris_S1.jpg,548,650,1352,385,p1,color
470,205217,20_Paris_S1.jpg,549,266,1245,459,p1,color
471,205483,20_Paris_S1.jpg,550,300,1339,379,p1,color
472,205783,20_Paris_S1.jpg,551,300,804,554,p1,color
473,207998,21_Pisa_S1.jpg,556,167,131,589,p1,color
474,208165,21_Pisa_S1.jpg,557,466,129,672,p1,color
475,208798,21_Pisa_S1.jpg,558,100,122,610,p1,color
476,208898,21_Pisa_S1.jpg,559,616,100,516,p1,color
477,209514,21_Pisa_S1.jpg,560,316,112,638,p1,color
478,209830,21_Pisa_S1.jpg,561,300,183,430,p1,color
479,210130,21_Pisa_S1.jpg,562,400,215,415,p1,color
480,210530,21_Pisa_S1.jpg,563,333,262,429,p1,color
481,210980,21_Pisa_S1.jpg,564,216,255,418,p1,color
482,211196,21_Pisa_S1.jpg,565,316,203,374,p1,color
483,211513,21_Pisa_S1.jpg,566,183,120,442,p1,color
484,211696,21_Pisa_S1.jpg,567,216,84,465,p1,color
485,211912,21_Pisa_S1.jpg,568,167,88,364,p1,color
486,212079,21_Pisa_S1.jpg,569,350,98,223,p1,color
487,212429,21_Pisa_S1.jpg,570,183,195,195,p1,color
488,212612,21_Pisa_S1.jpg,571,216,325,148,p1,color
489,212828,21_Pisa_S1.jpg,572,266,192,24,p1,color
490,213095,21_Pisa_S1.jpg,573,650,150,656,p1,color
491,213744,21_Pisa_S1.jpg,574,117,111,679,p1,color
492,214011,21_Pisa_S1.jpg,575,483,123,650,p1,color
493,214494,21_Pisa_S1.jpg,576,283,188,481,p1,color
494,214777,21_Pisa_S1.jpg,577,266,270,453,p1,color
495,215044,21_Pisa_S1.jpg,578,633,378,414,p1,color
496,215676,21_Pisa_S1.jpg,579,200,539,305,p1,color
497,215876,21_Pisa_S1.jpg,580,166,388,211,p1,color
498,216043,21_Pisa_S1.jpg,581,566,229,223,p1,color
499,216609,21_Pisa_S1.jpg,582,250,230,383,p1,color
500,216859,21_Pisa_S1.jpg,583,283,111,559,p1,color
501,217142,21_Pisa_S1.jpg,584,233,119,502,p1,color
502,217375,21_Pisa_S1.jpg,585,333,274,449,p1,color
503,219657,22_Venedig_S1.jpg,589,300,594,542,p1,color
504,219957,22_Venedig_S1.jpg,590,616,1093,993,p1,color
505,220573,22_Venedig_S1.jpg,591,250,983,871,p1,color
506,220823,22_Venedig_S1.jpg,592,616,924,776,p1,color
507,221439,22_Venedig_S1.jpg,593,166,1054,891,p1,color
508,221606,22_Venedig_S1.jpg,594,366,1095,999,p1,color
509,221972,22_Venedig_S1.jpg,595,133,1036,915,p1,color
510,222106,22_Venedig_S1.jpg,596,433,928,788,p1,color
511,222672,22_Venedig_S1.jpg,597,383,908,712,p1,color
512,223055,22_Venedig_S1.jpg,598,183,695,715,p1,color
513,223238,22_Venedig_S1.jpg,599,216,599,780,p1,color
514,223455,22_Venedig_S1.jpg,600,450,685,776,p1,color
515,224104,22_Venedig_S1.jpg,601,166,707,770,p1,color
516,224271,22_Venedig_S1.jpg,602,216,813,732,p1,color
517,224487,22_Venedig_S1.jpg,603,400,566,768,p1,color
518,224887,22_Venedig_S1.jpg,604,400,712,773,p1,color
519,225287,22_Venedig_S1.jpg,605,316,920,737,p1,color
520,225603,22_Venedig_S1.jpg,606,183,767,734,p1,color
521,225786,22_Venedig_S1.jpg,607,216,610,736,p1,color
522,226003,22_Venedig_S1.jpg,608,150,479,678,p1,color
523,226286,22_Venedig_S1.jpg,609,83,474,517,p1,color
524,226369,22_Venedig_S1.jpg,610,350,481,411,p1,color
525,226719,22_Venedig_S1.jpg,611,400,484,671,p1,color
526,227119,22_Venedig_S1.jpg,612,166,388,897,p1,color
527,227285,22_Venedig_S1.jpg,613,533,867,780,p1,color
528,227818,22_Venedig_S1.jpg,614,200,922,772,p1,color
529,228235,22_Venedig_S1.jpg,615,100,842,789,p1,color
530,228335,22_Venedig_S1.jpg,616,450,911,772,p1,color
531,228784,22_Venedig_S1.jpg,617,167,619,884,p1,color
532,228951,22_Venedig_S1.jpg,618,233,511,941,p1,color
533,229184,22_Venedig_S1.jpg,619,433,342,890,p1,color
534,229617,22_Venedig_S1.jpg,620,200,159,794,p1,color
535,229817,22_Venedig_S1.jpg,621,233,125,515,p1,color
536,230050,22_Venedig_S1.jpg,622,200,136,452,p1,color
537,230250,22_Venedig_S1.jpg,623,583,307,470,p1,color
538,230833,22_Venedig_S1.jpg,624,217,405,465,p1,color
539,231049,22_Venedig_S1.jpg,625,183,451,443,p1,color
540,231233,22_Venedig_S1.jpg,626,350,373,474,p1,color
541,231582,22_Venedig_S1.jpg,627,250,444,398,p1,color
542,231832,22_Venedig_S1.jpg,628,749,455,339,p1,color
543,232582,22_Venedig_S1.jpg,629,1033,379,485,p1,color
544,233748,22_Venedig_S1.jpg,630,250,425,390,p1,color
545,233997,22_Venedig_S1.jpg,631,383,475,368,p1,color
546,234381,22_Venedig_S1.jpg,632,650,442,320,p1,color
547,235030,22_Venedig_S1.jpg,633,583,490,351,p1,color
548,237578,23_Warschau_S1.jpg,637,200,1323,580,p1,color
549,237778,23_Warschau_S1.jpg,638,133,1439,590,p1,color
550,237912,23_Warschau_S1.jpg,639,750,1400,545,p1,color
551,238661,23_Warschau_S1.jpg,640,466,1362,458,p1,color
552,239127,23_Warschau_S1.jpg,641,749,1384,553,p1,color
553,239877,23_Warschau_S1.jpg,642,250,1354,462,p1,color
554,240127,23_Warschau_S1.jpg,643,250,1139,452,p1,color
555,240377,23_Warschau_S1.jpg,644,283,919,510,p1,color
556,240660,23_Warschau_S1.jpg,645,466,641,508,p1,color
557,241126,23_Warschau_S1.jpg,646,116,517,506,p1,color
558,241243,23_Warschau_S1.jpg,647,316,406,519,p1,color
559,241559,23_Warschau_S1.jpg,648,316,498,521,p1,color
560,241876,23_Warschau_S1.jpg,649,450,383,515,p1,color
561,242325,23_Warschau_S1.jpg,650,416,318,522,p1,color
562,242742,23_Warschau_S1.jpg,651,200,369,515,p1,color
563,243058,23_Warschau_S1.jpg,652,466,399,515,p1,color
564,243641,23_Warschau_S1.jpg,653,783,302,510,p1,color
565,244424,23_Warschau_S1.jpg,654,450,309,559,p1,color
566,245007,23_Warschau_S1.jpg,655,233,315,562,p1,color
567,245240,23_Warschau_S1.jpg,656,383,375,517,p1,color
568,245623,23_Warschau_S1.jpg,657,217,390,442,p1,color
569,245840,23_Warschau_S1.jpg,658,466,328,589,p1,color
570,246489,23_Warschau_S1.jpg,659,266,384,498,p1,color
571,246756,23_Warschau_S1.jpg,660,266,353,543,p1,color
572,249187,24_Zürich_S1.jpg,663,166,622,510,p1,color
573,249354,24_Zürich_S1.jpg,664,233,541,412,p1,color
574,249587,24_Zürich_S1.jpg,665,200,1130,859,p1,color
575,249787,24_Zürich_S1.jpg,666,183,1083,859,p1,color
576,249970,24_Zürich_S1.jpg,667,433,1032,864,p1,color
577,250403,24_Zürich_S1.jpg,668,333,996,909,p1,color
578,250736,24_Zürich_S1.jpg,669,167,815,917,p1,color
579,250903,24_Zürich_S1.jpg,670,250,714,909,p1,color
580,251153,24_Zürich_S1.jpg,671,316,701,854,p1,color
581,251469,24_Zürich_S1.jpg,672,433,1053,880,p1,color
582,251902,24_Zürich_S1.jpg,673,283,685,846,p1,color
583,252185,24_Zürich_S1.jpg,674,183,555,803,p1,color
584,252369,24_Zürich_S1.jpg,675,366,678,799,p1,color
585,252735,24_Zürich_S1.jpg,676,266,695,851,p1,color
586,253001,24_Zürich_S1.jpg,677,1349,1015,885,p1,color
587,254584,24_Zürich_S1.jpg,678,333,1025,910,p1,color
588,255183,24_Zürich_S1.jpg,679,1349,1039,882,p1,color
589,256733,24_Zürich_S1.jpg,680,599,1029,897,p1,color
590,257332,24_Zürich_S1.jpg,681,383,747,910,p1,color
591,257715,24_Zürich_S1.jpg,682,233,701,867,p1,color
592,257948,24_Zürich_S1.jpg,683,183,687,688,p1,color
593,258131,24_Zürich_S1.jpg,684,633,685,594,p1,color
594,258764,24_Zürich_S1.jpg,685,350,686,558,p1,color
595,259114,24_Zürich_S1.jpg,686,650,542,405,p1,color
596,4940,01b_Antwerpen_S2.jpg,10,166,502,607,p1,gray
597,5107,01b_Antwerpen_S2.jpg,11,200,335,406,p1,gray
598,5307,01b_Antwerpen_S2.jpg,12,616,275,409,p1,gray
599,5923,01b_Antwerpen_S2.jpg,13,300,340,418,p1,gray
600,6223,01b_Antwerpen_S2.jpg,14,183,852,446,p1,gray
601,6406,01b_Antwerpen_S2.jpg,15,166,1019,559,p1,gray
602,6572,01b_Antwerpen_S2.jpg,16,616,1028,970,p1,gray
603,7189,01b_Antwerpen_S2.jpg,17,200,634,402,p1,gray
604,7389,01b_Antwerpen_S2.jpg,18,266,325,396,p1,gray
605,7655,01b_Antwerpen_S2.jpg,19,216,277,430,p1,gray
606,7872,01b_Antwerpen_S2.jpg,20,266,1046,1013,p1,gray
607,8138,01b_Antwerpen_S2.jpg,21,516,988,1049,p1,gray
608,8821,01b_Antwerpen_S2.jpg,22,333,327,420,p1,gray
609,9154,01b_Antwerpen_S2.jpg,23,283,694,488,p1,gray
610,9570,01b_Antwerpen_S2.jpg,24,350,683,503,p1,gray
611,9920,01b_Antwerpen_S2.jpg,25,383,298,396,p1,gray
612,10453,01b_Antwerpen_S2.jpg,26,217,282,406,p1,gray
613,10670,01b_Antwerpen_S2.jpg,27,433,778,580,p1,gray
614,11103,01b_Antwerpen_S2.jpg,28,583,546,527,p1,gray
615,11786,01b_Antwerpen_S2.jpg,29,83,539,510,p1,gray
616,12035,01b_Antwerpen_S2.jpg,30,133,559,543,p1,gray
617,12169,01b_Antwerpen_S2.jpg,31,200,869,955,p1,gray
618,12368,01b_Antwerpen_S2.jpg,32,566,958,1020,p1,gray
619,13068,01b_Antwerpen_S2.jpg,33,183,536,597,p1,gray
620,13251,01b_Antwerpen_S2.jpg,34,383,1009,934,p1,gray
621,13634,01b_Antwerpen_S2.jpg,35,200,855,1043,p1,gray
622,13834,01b_Antwerpen_S2.jpg,36,316,624,1034,p1,gray
623,14151,01b_Antwerpen_S2.jpg,37,333,553,684,p1,gray
624,14584,01b_Antwerpen_S2.jpg,38,699,580,658,p1,gray
625,15450,01b_Antwerpen_S2.jpg,39,116,776,658,p1,gray
626,15566,01b_Antwerpen_S2.jpg,40,416,426,458,p1,gray
627,15983,01b_Antwerpen_S2.jpg,41,283,678,505,p1,gray
628,16399,01b_Antwerpen_S2.jpg,42,366,687,541,p1,gray
629,27358,02b_Berlin_S2.jpg,64,200,782,498,p1,gray
630,27558,02b_Berlin_S2.jpg,65,133,796,302,p1,gray
631,27692,02b_Berlin_S2.jpg,66,416,787,188,p1,gray
632,28108,02b_Berlin_S2.jpg,67,233,852,175,p1,gray
633,28341,02b_Berlin_S2.jpg,68,566,970,244,p1,gray
634,28907,02b_Berlin_S2.jpg,69,183,970,303,p1,gray
635,29091,02b_Berlin_S2.jpg,70,383,952,492,p1,gray
636,29474,02b_Berlin_S2.jpg,71,1949,972,238,p1,gray
637,31422,02b_Berlin_S2.jpg,72,250,961,327,p1,gray
638,31672,02b_Berlin_S2.jpg,73,233,958,446,p1,gray
639,31905,02b_Berlin_S2.jpg,74,300,935,546,p1,gray
640,32205,02b_Berlin_S2.jpg,75,650,922,710,p1,gray
641,32855,02b_Berlin_S2.jpg,76,1582,925,749,p1,gray
642,34437,02b_Berlin_S2.jpg,77,150,849,786,p1,gray
643,34987,02b_Berlin_S2.jpg,78,183,763,802,p1,gray
644,35353,02b_Berlin_S2.jpg,79,616,760,607,p1,gray
645,39917,03b_Bordeaux_S2.jpg,86,250,612,780,p1,gray
646,40167,03b_Bordeaux_S2.jpg,87,283,832,745,p1,gray
647,40450,03b_Bordeaux_S2.jpg,88,350,1034,768,p1,gray
648,40799,03b_Bordeaux_S2.jpg,89,283,1403,694,p1,gray
649,41083,03b_Bordeaux_S2.jpg,90,166,1383,791,p1,gray
650,41249,03b_Bordeaux_S2.jpg,91,316,1290,453,p1,gray
651,41566,03b_Bordeaux_S2.jpg,92,200,1257,429,p1,gray
652,41766,03b_Bordeaux_S2.jpg,93,583,1114,792,p1,gray
653,42348,03b_Bordeaux_S2.jpg,94,233,1152,550,p1,gray
654,42582,03b_Bordeaux_S2.jpg,95,250,1258,355,p1,gray
655,42831,03b_Bordeaux_S2.jpg,96,483,1248,283,p1,gray
656,43498,03b_Bordeaux_S2.jpg,97,200,1222,301,p1,gray
657,43698,03b_Bordeaux_S2.jpg,98,183,891,601,p1,gray
658,43881,03b_Bordeaux_S2.jpg,99,183,598,769,p1,gray
659,48728,04b_Köln_S2.jpg,109,200,1282,935,p1,gray
660,48927,04b_Köln_S2.jpg,110,217,1365,956,p1,gray
661,49144,04b_Köln_S2.jpg,111,167,1366,776,p1,gray
662,49310,04b_Köln_S2.jpg,112,450,1101,623,p1,gray
663,49760,04b_Köln_S2.jpg,113,333,1169,661,p1,gray
664,50093,04b_Köln_S2.jpg,114,183,1267,689,p1,gray
665,50276,04b_Köln_S2.jpg,115,233,1309,693,p1,gray
666,50510,04b_Köln_S2.jpg,116,150,1198,638,p1,gray
667,50660,04b_Köln_S2.jpg,117,416,1114,608,p1,gray
668,51076,04b_Köln_S2.jpg,118,183,1079,607,p1,gray
669,51259,04b_Köln_S2.jpg,119,400,900,604,p1,gray
670,51659,04b_Köln_S2.jpg,120,216,923,574,p1,gray
671,51875,04b_Köln_S2.jpg,121,300,972,608,p1,gray
672,52175,04b_Köln_S2.jpg,122,250,877,608,p1,gray
673,52425,04b_Köln_S2.jpg,123,300,817,576,p1,gray
674,52725,04b_Köln_S2.jpg,124,550,737,511,p1,gray
675,53274,04b_Köln_S2.jpg,125,200,531,813,p1,gray
676,53474,04b_Köln_S2.jpg,126,200,532,875,p1,gray
677,53674,04b_Köln_S2.jpg,127,233,485,887,p1,gray
678,53907,04b_Köln_S2.jpg,128,750,511,918,p1,gray
679,54657,04b_Köln_S2.jpg,129,699,440,919,p1,gray
680,55356,04b_Köln_S2.jpg,130,916,513,915,p1,gray
681,56272,04b_Köln_S2.jpg,131,117,562,792,p1,gray
682,56389,04b_Köln_S2.jpg,132,366,634,615,p1,gray
683,56939,04b_Köln_S2.jpg,133,183,595,887,p1,gray
684,57122,04b_Köln_S2.jpg,134,350,864,772,p1,gray
685,60420,05b_Frankfurt_S2.jpg,140,217,1246,280,p1,gray
686,60636,05b_Frankfurt_S2.jpg,141,216,1310,246,p1,gray
687,60853,05b_Frankfurt_S2.jpg,142,633,1306,582,p1,gray
688,61485,05b_Frankfurt_S2.jpg,143,117,1272,631,p1,gray
689,61602,05b_Frankfurt_S2.jpg,144,150,1314,628,p1,gray
690,61752,05b_Frankfurt_S2.jpg,145,866,1306,583,p1,gray
691,62718,05b_Frankfurt_S2.jpg,146,349,1330,641,p1,gray
692,63068,05b_Frankfurt_S2.jpg,147,183,911,654,p1,gray
693,63251,05b_Frankfurt_S2.jpg,148,183,702,621,p1,gray
694,63434,05b_Frankfurt_S2.jpg,149,616,539,580,p1,gray
695,64051,05b_Frankfurt_S2.jpg,150,683,620,583,p1,gray
696,64733,05b_Frankfurt_S2.jpg,151,200,529,566,p1,gray
697,65066,05b_Frankfurt_S2.jpg,152,183,531,565,p1,gray
698,65250,05b_Frankfurt_S2.jpg,153,400,482,578,p1,gray
699,65649,05b_Frankfurt_S2.jpg,154,466,584,573,p1,gray
700,66382,05b_Frankfurt_S2.jpg,155,200,1212,597,p1,gray
701,66582,05b_Frankfurt_S2.jpg,156,283,1124,334,p1,gray
702,67032,05b_Frankfurt_S2.jpg,157,400,945,660,p1,gray
703,70613,06b_Hamburg_S2.jpg,160,166,391,788,p1,gray
704,70779,06b_Hamburg_S2.jpg,161,233,264,886,p1,gray
705,71013,06b_Hamburg_S2.jpg,162,166,1204,1039,p1,gray
706,71179,06b_Hamburg_S2.jpg,163,350,1295,1037,p1,gray
707,71529,06b_Hamburg_S2.jpg,164,500,1059,839,p1,gray
708,72029,06b_Hamburg_S2.jpg,165,250,1154,876,p1,gray
709,72278,06b_Hamburg_S2.jpg,166,183,852,792,p1,gray
710,72462,06b_Hamburg_S2.jpg,167,166,632,737,p1,gray
711,72628,06b_Hamburg_S2.jpg,168,200,372,756,p1,gray
712,72828,06b_Hamburg_S2.jpg,169,216,273,790,p1,gray
713,73044,06b_Hamburg_S2.jpg,170,217,425,744,p1,gray
714,73261,06b_Hamburg_S2.jpg,171,433,1279,953,p1,gray
715,73694,06b_Hamburg_S2.jpg,172,316,1128,883,p1,gray
716,74011,06b_Hamburg_S2.jpg,173,117,1027,828,p1,gray
717,74127,06b_Hamburg_S2.jpg,174,216,883,793,p1,gray
718,74344,06b_Hamburg_S2.jpg,175,250,509,737,p1,gray
719,74594,06b_Hamburg_S2.jpg,176,483,310,744,p1,gray
720,75077,06b_Hamburg_S2.jpg,177,200,349,739,p1,gray
721,75276,06b_Hamburg_S2.jpg,178,200,253,817,p1,gray
722,75476,06b_Hamburg_S2.jpg,179,383,255,894,p1,gray
723,75859,06b_Hamburg_S2.jpg,180,133,281,839,p1,gray
724,76292,06b_Hamburg_S2.jpg,181,316,351,751,p1,gray
725,76609,06b_Hamburg_S2.jpg,182,600,689,831,p1,gray
726,80323,07b_Moskau_S2.jpg,188,216,1215,870,p1,gray
727,80539,07b_Moskau_S2.jpg,189,366,1298,896,p1,gray
728,80906,07b_Moskau_S2.jpg,190,216,1404,775,p1,gray
729,81122,07b_Moskau_S2.jpg,191,117,1438,712,p1,gray
730,81239,07b_Moskau_S2.jpg,192,316,1409,498,p1,gray
731,81555,07b_Moskau_S2.jpg,193,167,1175,422,p1,gray
732,81722,07b_Moskau_S2.jpg,194,183,1066,394,p1,gray
733,81905,07b_Moskau_S2.jpg,195,283,1016,385,p1,gray
734,82188,07b_Moskau_S2.jpg,196,400,961,379,p1,gray
735,82588,07b_Moskau_S2.jpg,197,250,885,396,p1,gray
736,82838,07b_Moskau_S2.jpg,198,316,772,331,p1,gray
737,83154,07b_Moskau_S2.jpg,199,283,946,442,p1,gray
738,83438,07b_Moskau_S2.jpg,200,200,981,406,p1,gray
739,83637,07b_Moskau_S2.jpg,201,283,920,467,p1,gray
740,83921,07b_Moskau_S2.jpg,202,250,946,435,p1,gray
741,84170,07b_Moskau_S2.jpg,203,300,833,460,p1,gray
742,84470,07b_Moskau_S2.jpg,204,433,796,446,p1,gray
743,84903,07b_Moskau_S2.jpg,205,283,901,467,p1,gray
744,85186,07b_Moskau_S2.jpg,206,150,955,460,p1,gray
745,85336,07b_Moskau_S2.jpg,207,250,986,400,p1,gray
746,85703,07b_Moskau_S2.jpg,208,266,998,398,p1,gray
747,85969,07b_Moskau_S2.jpg,209,183,1325,539,p1,gray
748,86152,07b_Moskau_S2.jpg,210,200,1342,813,p1,gray
749,86352,07b_Moskau_S2.jpg,211,167,1286,858,p1,gray
750,86519,07b_Moskau_S2.jpg,212,166,1364,829,p1,gray
751,86685,07b_Moskau_S2.jpg,213,233,1435,686,p1,gray
752,86919,07b_Moskau_S2.jpg,214,200,1405,493,p1,gray
753,87118,07b_Moskau_S2.jpg,215,100,1328,454,p1,gray
754,87218,07b_Moskau_S2.jpg,216,333,1192,443,p1,gray
755,87551,07b_Moskau_S2.jpg,217,200,1121,434,p1,gray
756,87751,07b_Moskau_S2.jpg,218,217,1032,410,p1,gray
757,87968,07b_Moskau_S2.jpg,219,516,990,407,p1,gray
758,88484,07b_Moskau_S2.jpg,220,600,961,442,p1,gray
759,89084,07b_Moskau_S2.jpg,221,233,896,463,p1,gray
760,89317,07b_Moskau_S2.jpg,222,450,805,458,p1,gray
761,89767,07b_Moskau_S2.jpg,223,266,912,454,p1,gray
762,90033,07b_Moskau_S2.jpg,224,166,800,428,p1,gray
763,90333,07b_Moskau_S2.jpg,225,83,740,313,p1,gray
764,90416,07b_Moskau_S2.jpg,226,166,769,354,p1,gray
765,90583,07b_Moskau_S2.jpg,227,416,769,306,p1,gray
766,90999,07b_Moskau_S2.jpg,228,316,798,450,p1,gray
767,93515,08b_Riga_S2.jpg,233,100,445,506,p1,gray
768,93614,08b_Riga_S2.jpg,234,766,375,585,p1,gray
769,94380,08b_Riga_S2.jpg,235,183,418,581,p1,gray
770,94563,08b_Riga_S2.jpg,236,250,373,593,p1,gray
771,94813,08b_Riga_S2.jpg,237,150,435,547,p1,gray
772,94963,08b_Riga_S2.jpg,238,200,610,385,p1,gray
773,95163,08b_Riga_S2.jpg,239,117,794,271,p1,gray
774,95280,08b_Riga_S2.jpg,240,266,1170,207,p1,gray
775,95546,08b_Riga_S2.jpg,241,166,1266,223,p1,gray
776,95713,08b_Riga_S2.jpg,242,200,551,493,p1,gray
777,95913,08b_Riga_S2.jpg,243,333,480,596,p1,gray
778,96246,08b_Riga_S2.jpg,244,366,414,591,p1,gray
779,96745,08b_Riga_S2.jpg,245,550,407,590,p1,gray
780,97295,08b_Riga_S2.jpg,246,333,462,619,p1,gray
781,97628,08b_Riga_S2.jpg,247,366,408,591,p1,gray
782,98144,08b_Riga_S2.jpg,248,666,391,595,p1,gray
783,98811,08b_Riga_S2.jpg,249,533,413,567,p1,gray
784,99344,08b_Riga_S2.jpg,250,316,518,614,p1,gray
785,99660,08b_Riga_S2.jpg,251,300,618,593,p1,gray
786,99960,08b_Riga_S2.jpg,252,999,432,584,p1,gray
787,100959,08b_Riga_S2.jpg,253,233,595,589,p1,gray
788,101192,08b_Riga_S2.jpg,254,283,657,538,p1,gray
789,101476,08b_Riga_S2.jpg,255,233,718,444,p1,gray
790,101709,08b_Riga_S2.jpg,256,400,862,341,p1,gray
791,102108,08b_Riga_S2.jpg,257,433,1066,217,p1,gray
792,102541,08b_Riga_S2.jpg,258,366,1083,319,p1,gray
793,102908,08b_Riga_S2.jpg,259,200,718,592,p1,gray
794,103108,08b_Riga_S2.jpg,260,899,607,596,p1,gray
795,104007,08b_Riga_S2.jpg,261,400,509,500,p1,gray
796,104540,08b_Riga_S2.jpg,262,450,521,594,p1,gray
797,104990,08b_Riga_S2.jpg,263,183,413,593,p1,gray
798,105173,08b_Riga_S2.jpg,264,749,370,605,p1,gray
799,105923,08b_Riga_S2.jpg,265,650,468,607,p1,gray
800,106572,08b_Riga_S2.jpg,266,483,412,602,p1,gray
801,107155,08b_Riga_S2.jpg,267,349,361,600,p1,gray
802,107505,08b_Riga_S2.jpg,268,466,401,595,p1,gray
803,107971,08b_Riga_S2.jpg,269,416,463,612,p1,gray
804,108388,08b_Riga_S2.jpg,270,266,419,590,p1,gray
805,108771,08b_Riga_S2.jpg,271,350,386,601,p1,gray
806,109120,08b_Riga_S2.jpg,272,350,423,571,p1,gray
807,109470,08b_Riga_S2.jpg,273,466,486,491,p1,gray
808,109936,08b_Riga_S2.jpg,274,366,531,438,p1,gray
809,110303,08b_Riga_S2.jpg,275,400,736,278,p1,gray
810,110703,08b_Riga_S2.jpg,276,233,1013,259,p1,gray
811,110936,08b_Riga_S2.jpg,277,300,1124,213,p1,gray
812,111236,08b_Riga_S2.jpg,278,400,1040,332,p1,gray
813,111635,08b_Riga_S2.jpg,279,200,968,258,p1,gray
814,111835,08b_Riga_S2.jpg,280,183,1027,250,p1,gray
815,112018,08b_Riga_S2.jpg,281,383,570,390,p1,gray
816,112401,08b_Riga_S2.jpg,282,233,494,498,p1,gray
817,112635,08b_Riga_S2.jpg,283,183,408,560,p1,gray
818,112818,08b_Riga_S2.jpg,284,283,375,615,p1,gray
819,113101,08b_Riga_S2.jpg,285,216,475,515,p1,gray
820,113318,08b_Riga_S2.jpg,286,250,553,454,p1,gray
821,113567,08b_Riga_S2.jpg,287,383,722,300,p1,gray
822,113951,08b_Riga_S2.jpg,288,366,660,313,p1,gray
823,114317,08b_Riga_S2.jpg,289,450,434,597,p1,gray
824,114767,08b_Riga_S2.jpg,290,266,483,601,p1,gray
825,115033,08b_Riga_S2.jpg,291,166,633,563,p1,gray
826,115333,08b_Riga_S2.jpg,292,250,651,523,p1,gray
827,115583,08b_Riga_S2.jpg,293,183,725,456,p1,gray
828,115766,08b_Riga_S2.jpg,294,216,759,422,p1,gray
829,115982,08b_Riga_S2.jpg,295,400,650,528,p1,gray
830,116382,08b_Riga_S2.jpg,296,216,681,567,p1,gray
831,116599,08b_Riga_S2.jpg,297,183,834,512,p1,gray
832,116782,08b_Riga_S2.jpg,298,233,910,451,p1,gray
833,117015,08b_Riga_S2.jpg,299,150,983,461,p1,gray
834,117165,08b_Riga_S2.jpg,300,183,698,520,p1,gray
835,117348,08b_Riga_S2.jpg,301,983,666,566,p1,gray
836,118331,08b_Riga_S2.jpg,302,150,743,557,p1,gray
837,118481,08b_Riga_S2.jpg,303,283,675,566,p1,gray
838,118764,08b_Riga_S2.jpg,304,383,611,593,p1,gray
839,119147,08b_Riga_S2.jpg,305,283,637,567,p1,gray
840,119430,08b_Riga_S2.jpg,306,150,673,593,p1,gray
841,119580,08b_Riga_S2.jpg,307,133,655,554,p1,gray
842,119846,08b_Riga_S2.jpg,308,133,656,488,p1,gray
843,119980,08b_Riga_S2.jpg,309,283,701,487,p1,gray
844,120263,08b_Riga_S2.jpg,310,400,629,651,p1,gray
845,120663,08b_Riga_S2.jpg,311,483,600,696,p1,gray
846,121146,08b_Riga_S2.jpg,312,483,603,547,p1,gray
847,121629,08b_Riga_S2.jpg,313,200,492,573,p1,gray
848,121829,08b_Riga_S2.jpg,314,266,753,496,p1,gray
849,122095,08b_Riga_S2.jpg,315,350,934,434,p1,gray
850,122445,08b_Riga_S2.jpg,316,300,889,435,p1,gray
851,122745,08b_Riga_S2.jpg,317,266,540,544,p1,gray
852,123011,08b_Riga_S2.jpg,318,250,431,591,p1,gray
853,123261,08b_Riga_S2.jpg,319,250,378,620,p1,gray
854,123511,08b_Riga_S2.jpg,320,300,444,490,p1,gray
855,123811,08b_Riga_S2.jpg,321,216,564,432,p1,gray
856,124027,08b_Riga_S2.jpg,322,600,410,575,p1,gray
857,124627,08b_Riga_S2.jpg,323,183,596,409,p1,gray
858,124810,08b_Riga_S2.jpg,324,233,598,360,p1,gray
859,125043,08b_Riga_S2.jpg,325,266,684,281,p1,gray
860,125309,08b_Riga_S2.jpg,326,316,719,252,p1,gray
861,125626,08b_Riga_S2.jpg,327,566,965,136,p1,gray
862,126192,08b_Riga_S2.jpg,328,266,1144,170,p1,gray
863,126459,08b_Riga_S2.jpg,329,383,1222,283,p1,gray
864,126842,08b_Riga_S2.jpg,330,266,1335,158,p1,gray
865,127108,08b_Riga_S2.jpg,331,416,1209,267,p1,gray
866,127525,08b_Riga_S2.jpg,332,216,1287,-138,p1,gray
867,127741,08b_Riga_S2.jpg,333,416,1235,302,p1,gray
868,128258,08b_Riga_S2.jpg,334,100,1024,227,p1,gray
869,128357,08b_Riga_S2.jpg,335,283,989,177,p1,gray
870,128640,08b_Riga_S2.jpg,336,350,953,178,p1,gray
871,129107,08b_Riga_S2.jpg,337,183,1171,400,p1,gray
872,129290,08b_Riga_S2.jpg,338,366,887,500,p1,gray
873,138401,09b_Tokyo_S2.jpg,354,167,270,910,p1,gray
874,138567,09b_Tokyo_S2.jpg,355,283,241,952,p1,gray
875,138850,09b_Tokyo_S2.jpg,356,500,444,847,p1,gray
876,139350,09b_Tokyo_S2.jpg,357,233,580,885,p1,gray
877,139583,09b_Tokyo_S2.jpg,358,366,837,908,p1,gray
878,139950,09b_Tokyo_S2.jpg,359,483,882,892,p1,gray
879,140433,09b_Tokyo_S2.jpg,360,216,976,737,p1,gray
880,140649,09b_Tokyo_S2.jpg,361,583,1037,689,p1,gray
881,141232,09b_Tokyo_S2.jpg,362,483,857,919,p1,gray
882,141715,09b_Tokyo_S2.jpg,363,200,394,918,p1,gray
883,141915,09b_Tokyo_S2.jpg,364,283,312,923,p1,gray
884,142198,09b_Tokyo_S2.jpg,365,400,446,845,p1,gray
885,142598,09b_Tokyo_S2.jpg,366,233,555,879,p1,gray
886,142831,09b_Tokyo_S2.jpg,367,300,692,928,p1,gray
887,143131,09b_Tokyo_S2.jpg,368,283,875,883,p1,gray
888,143414,09b_Tokyo_S2.jpg,369,250,923,769,p1,gray
889,143664,09b_Tokyo_S2.jpg,370,350,1028,693,p1,gray
890,144014,09b_Tokyo_S2.jpg,371,233,1041,592,p1,gray
891,144247,09b_Tokyo_S2.jpg,372,316,1064,414,p1,gray
892,144563,09b_Tokyo_S2.jpg,373,233,1351,335,p1,gray
893,144796,09b_Tokyo_S2.jpg,374,800,1489,313,p1,gray
894,145596,09b_Tokyo_S2.jpg,375,133,1248,334,p1,gray
895,145729,09b_Tokyo_S2.jpg,376,183,1413,333,p1,gray
896,145912,09b_Tokyo_S2.jpg,377,450,1451,329,p1,gray
897,146462,09b_Tokyo_S2.jpg,378,233,1468,320,p1,gray
898,146695,09b_Tokyo_S2.jpg,379,300,1133,364,p1,gray
899,146995,09b_Tokyo_S2.jpg,380,1016,1466,331,p1,gray
900,148011,09b_Tokyo_S2.jpg,381,533,1395,339,p1,gray
901,148544,09b_Tokyo_S2.jpg,382,433,1442,347,p1,gray
902,148977,09b_Tokyo_S2.jpg,383,416,1121,359,p1,gray
903,149510,09b_Tokyo_S2.jpg,384,599,1461,338,p1,gray
904,150109,09b_Tokyo_S2.jpg,385,167,890,480,p1,gray
905,150442,09b_Tokyo_S2.jpg,386,500,737,573,p1,gray
906,153490,10b_Barcelona_S2.jpg,391,150,1328,707,p1,gray
907,153640,10b_Barcelona_S2.jpg,392,166,1461,640,p1,gray
908,153807,10b_Barcelona_S2.jpg,393,250,1448,606,p1,gray
909,154057,10b_Barcelona_S2.jpg,394,483,1363,640,p1,gray
910,154540,10b_Barcelona_S2.jpg,395,167,1414,642,p1,gray
911,154706,10b_Barcelona_S2.jpg,396,533,1201,661,p1,gray
912,155239,10b_Barcelona_S2.jpg,397,1482,1122,675,p1,gray
913,156722,10b_Barcelona_S2.jpg,398,366,1032,734,p1,gray
914,157088,10b_Barcelona_S2.jpg,399,433,1077,712,p1,gray
915,157521,10b_Barcelona_S2.jpg,400,266,1113,697,p1,gray
916,157788,10b_Barcelona_S2.jpg,401,250,1038,762,p1,gray
917,158037,10b_Barcelona_S2.jpg,402,483,907,875,p1,gray
918,158520,10b_Barcelona_S2.jpg,403,200,766,887,p1,gray
919,158720,10b_Barcelona_S2.jpg,404,150,674,889,p1,gray
920,158870,10b_Barcelona_S2.jpg,405,899,593,906,p1,gray
921,159936,10b_Barcelona_S2.jpg,406,616,625,872,p1,gray
922,162651,11b_Bologna_S2.jpg,409,167,779,933,p1,gray
923,162818,11b_Bologna_S2.jpg,410,133,753,1007,p1,gray
924,162951,11b_Bologna_S2.jpg,411,400,820,1011,p1,gray
925,163351,11b_Bologna_S2.jpg,412,266,1470,398,p1,gray
926,163617,11b_Bologna_S2.jpg,413,216,861,877,p1,gray
927,163834,11b_Bologna_S2.jpg,414,216,805,961,p1,gray
928,164050,11b_Bologna_S2.jpg,415,167,816,999,p1,gray
929,164217,11b_Bologna_S2.jpg,416,300,752,838,p1,gray
930,164516,11b_Bologna_S2.jpg,417,183,697,837,p1,gray
931,164700,11b_Bologna_S2.jpg,418,550,695,748,p1,gray
932,165249,11b_Bologna_S2.jpg,419,300,618,778,p1,gray
933,165549,11b_Bologna_S2.jpg,420,216,779,983,p1,gray
934,165766,11b_Bologna_S2.jpg,421,117,818,988,p1,gray
935,166049,11b_Bologna_S2.jpg,422,83,825,977,p1,gray
936,166132,11b_Bologna_S2.jpg,423,266,804,916,p1,gray
937,166398,11b_Bologna_S2.jpg,424,250,705,855,p1,gray
938,166648,11b_Bologna_S2.jpg,425,583,699,726,p1,gray
939,167231,11b_Bologna_S2.jpg,426,450,749,679,p1,gray
940,167681,11b_Bologna_S2.jpg,427,200,791,666,p1,gray
941,167881,11b_Bologna_S2.jpg,428,233,888,666,p1,gray
942,168114,11b_Bologna_S2.jpg,429,333,1041,665,p1,gray
943,168447,11b_Bologna_S2.jpg,430,500,999,665,p1,gray
944,168947,11b_Bologna_S2.jpg,431,466,1006,579,p1,gray
945,169413,11b_Bologna_S2.jpg,432,450,1153,611,p1,gray
946,169863,11b_Bologna_S2.jpg,433,383,993,597,p1,gray
947,170246,11b_Bologna_S2.jpg,434,266,933,560,p1,gray
948,170646,11b_Bologna_S2.jpg,435,217,907,520,p1,gray
949,170862,11b_Bologna_S2.jpg,436,183,837,552,p1,gray
950,171045,11b_Bologna_S2.jpg,437,233,764,615,p1,gray
951,171279,11b_Bologna_S2.jpg,438,333,715,736,p1,gray
952,171612,11b_Bologna_S2.jpg,439,416,815,938,p1,gray
953,172028,11b_Bologna_S2.jpg,440,133,782,888,p1,gray
954,172161,11b_Bologna_S2.jpg,441,250,691,824,p1,gray
955,172411,11b_Bologna_S2.jpg,442,200,671,783,p1,gray
956,172611,11b_Bologna_S2.jpg,443,400,699,673,p1,gray
957,173011,11b_Bologna_S2.jpg,444,849,734,682,p1,gray
958,173860,11b_Bologna_S2.jpg,445,300,771,659,p1,gray
959,174160,11b_Bologna_S2.jpg,446,283,848,658,p1,gray
960,174443,11b_Bologna_S2.jpg,447,183,768,649,p1,gray
961,174626,11b_Bologna_S2.jpg,448,150,780,576,p1,gray
962,174893,11b_Bologna_S2.jpg,449,167,811,561,p1,gray
963,175059,11b_Bologna_S2.jpg,450,216,919,506,p1,gray
964,175276,11b_Bologna_S2.jpg,451,200,1326,422,p1,gray
965,175476,11b_Bologna_S2.jpg,452,483,1467,369,p1,gray
966,175959,11b_Bologna_S2.jpg,453,283,1416,353,p1,gray
967,176242,11b_Bologna_S2.jpg,454,200,1245,399,p1,gray
968,176642,11b_Bologna_S2.jpg,455,266,1307,425,p1,gray
969,176908,11b_Bologna_S2.jpg,456,383,1059,462,p1,gray
970,179223,12b_Brüssel_S2.jpg,462,83,884,287,p1,gray
971,179306,12b_Brüssel_S2.jpg,463,799,1204,234,p1,gray
972,180106,12b_Brüssel_S2.jpg,464,366,1302,322,p1,gray
973,180472,12b_Brüssel_S2.jpg,465,200,1001,310,p1,gray
974,180672,12b_Brüssel_S2.jpg,466,283,809,301,p1,gray
975,180955,12b_Brüssel_S2.jpg,467,233,1234,312,p1,gray
976,181189,12b_Brüssel_S2.jpg,468,466,1279,333,p1,gray
977,181655,12b_Brüssel_S2.jpg,469,166,1134,324,p1,gray
978,181821,12b_Brüssel_S2.jpg,470,283,929,315,p1,gray
979,182105,12b_Brüssel_S2.jpg,471,200,835,318,p1,gray
980,182304,12b_Brüssel_S2.jpg,472,250,767,320,p1,gray
981,182554,12b_Brüssel_S2.jpg,473,283,727,338,p1,gray
982,182837,12b_Brüssel_S2.jpg,474,250,639,358,p1,gray
983,183087,12b_Brüssel_S2.jpg,475,217,670,422,p1,gray
984,183304,12b_Brüssel_S2.jpg,476,233,735,429,p1,gray
985,183537,12b_Brüssel_S2.jpg,477,216,693,449,p1,gray
986,183753,12b_Brüssel_S2.jpg,478,400,609,416,p1,gray
987,184153,12b_Brüssel_S2.jpg,479,283,527,332,p1,gray
988,184436,12b_Brüssel_S2.jpg,480,1216,472,284,p1,gray
989,187801,13b_Budapest_S2.jpg,485,217,364,562,p1,gray
990,188017,13b_Budapest_S2.jpg,486,166,384,607,p1,gray
991,188184,13b_Budapest_S2.jpg,487,333,351,593,p1,gray
992,188667,13b_Budapest_S2.jpg,488,83,434,552,p1,gray
993,188750,13b_Budapest_S2.jpg,489,383,488,548,p1,gray
994,189133,13b_Budapest_S2.jpg,490,1099,490,496,p1,gray
995,190232,13b_Budapest_S2.jpg,491,200,450,617,p1,gray
996,190432,13b_Budapest_S2.jpg,492,433,377,635,p1,gray
997,190865,13b_Budapest_S2.jpg,493,250,338,805,p1,gray
998,191115,13b_Budapest_S2.jpg,494,266,443,562,p1,gray
999,191382,13b_Budapest_S2.jpg,495,566,494,566,p1,gray
1000,191948,13b_Budapest_S2.jpg,496,1466,492,492,p1,gray
1001,193414,13b_Budapest_S2.jpg,497,283,455,468,p1,gray
1002,193697,13b_Budapest_S2.jpg,498,316,355,413,p1,gray
1003,194013,13b_Budapest_S2.jpg,499,416,488,482,p1,gray
1004,194563,13b_Budapest_S2.jpg,500,766,482,476,p1,gray
1005,195329,13b_Budapest_S2.jpg,501,216,560,376,p1,gray
1006,195546,13b_Budapest_S2.jpg,502,183,658,349,p1,gray
1007,195729,13b_Budapest_S2.jpg,503,283,881,357,p1,gray
1008,196012,13b_Budapest_S2.jpg,504,183,930,355,p1,gray
1009,196195,13b_Budapest_S2.jpg,505,216,1087,281,p1,gray
1010,196412,13b_Budapest_S2.jpg,506,266,1127,237,p1,gray
1011,196678,13b_Budapest_S2.jpg,507,133,1050,236,p1,gray
1012,196811,13b_Budapest_S2.jpg,508,400,1127,211,p1,gray
1013,197211,13b_Budapest_S2.jpg,509,183,948,324,p1,gray
1014,197394,13b_Budapest_S2.jpg,510,1232,917,360,p1,gray
1015,198727,13b_Budapest_S2.jpg,511,533,924,355,p1,gray
1016,199260,13b_Budapest_S2.jpg,512,250,943,292,p1,gray
1017,199509,13b_Budapest_S2.jpg,513,233,941,182,p1,gray
1018,199743,13b_Budapest_S2.jpg,514,483,1090,194,p1,gray
1019,200376,13b_Budapest_S2.jpg,515,383,868,335,p1,gray
1020,202924,14b_Düsseldorf_S2.jpg,520,200,519,224,p1,gray
1021,203124,14b_Düsseldorf_S2.jpg,521,866,534,107,p1,gray
1022,203990,14b_Düsseldorf_S2.jpg,522,416,513,205,p1,gray
1023,204406,14b_Düsseldorf_S2.jpg,523,183,506,255,p1,gray
1024,204589,14b_Düsseldorf_S2.jpg,524,200,487,303,p1,gray
1025,204789,14b_Düsseldorf_S2.jpg,525,166,468,388,p1,gray
1026,204956,14b_Düsseldorf_S2.jpg,526,200,502,209,p1,gray
1027,205156,14b_Düsseldorf_S2.jpg,527,416,528,159,p1,gray
1028,205572,14b_Düsseldorf_S2.jpg,528,233,427,304,p1,gray
1029,205805,14b_Düsseldorf_S2.jpg,529,250,380,427,p1,gray
1030,206055,14b_Düsseldorf_S2.jpg,530,550,379,517,p1,gray
1031,206605,14b_Düsseldorf_S2.jpg,531,200,315,542,p1,gray
1032,206805,14b_Düsseldorf_S2.jpg,532,283,371,513,p1,gray
1033,207088,14b_Düsseldorf_S2.jpg,533,316,314,530,p1,gray
1034,207404,14b_Düsseldorf_S2.jpg,534,366,289,598,p1,gray
1035,207771,14b_Düsseldorf_S2.jpg,535,283,378,605,p1,gray
1036,208054,14b_Düsseldorf_S2.jpg,536,400,280,575,p1,gray
1037,208454,14b_Düsseldorf_S2.jpg,537,183,295,517,p1,gray
1038,208637,14b_Düsseldorf_S2.jpg,538,433,386,495,p1,gray
1039,209070,14b_Düsseldorf_S2.jpg,539,316,405,340,p1,gray
1040,209386,14b_Düsseldorf_S2.jpg,540,200,376,463,p1,gray
1041,209586,14b_Düsseldorf_S2.jpg,541,366,377,509,p1,gray
1042,209953,14b_Düsseldorf_S2.jpg,542,216,321,549,p1,gray
1043,210169,14b_Düsseldorf_S2.jpg,543,566,263,546,p1,gray
1044,210735,14b_Düsseldorf_S2.jpg,544,650,253,589,p1,gray
1045,211385,14b_Düsseldorf_S2.jpg,545,316,393,739,p1,gray
1046,211701,14b_Düsseldorf_S2.jpg,546,483,464,855,p1,gray
1047,212184,14b_Düsseldorf_S2.jpg,547,216,255,838,p1,gray
1048,212401,14b_Düsseldorf_S2.jpg,548,167,237,733,p1,gray
1049,212567,14b_Düsseldorf_S2.jpg,549,450,244,559,p1,gray
1050,213017,14b_Düsseldorf_S2.jpg,550,1033,273,525,p1,gray
1051,214050,14b_Düsseldorf_S2.jpg,551,300,317,469,p1,gray
1052,214350,14b_Düsseldorf_S2.jpg,552,200,381,419,p1,gray
1053,214549,14b_Düsseldorf_S2.jpg,553,366,382,374,p1,gray
1054,214916,14b_Düsseldorf_S2.jpg,554,167,368,464,p1,gray
1055,215082,14b_Düsseldorf_S2.jpg,555,316,383,519,p1,gray
1056,215399,14b_Düsseldorf_S2.jpg,556,266,343,538,p1,gray
1057,215665,14b_Düsseldorf_S2.jpg,557,433,278,533,p1,gray
1058,216098,14b_Düsseldorf_S2.jpg,558,183,247,577,p1,gray
1059,216282,14b_Düsseldorf_S2.jpg,559,350,240,683,p1,gray
1060,216631,14b_Düsseldorf_S2.jpg,560,500,268,745,p1,gray
1061,217131,14b_Düsseldorf_S2.jpg,561,616,388,771,p1,gray
1062,217747,14b_Düsseldorf_S2.jpg,562,350,278,745,p1,gray
1063,218097,14b_Düsseldorf_S2.jpg,563,416,427,796,p1,gray
1064,218513,14b_Düsseldorf_S2.jpg,564,550,441,855,p1,gray
1065,219063,14b_Düsseldorf_S2.jpg,565,616,385,762,p1,gray
1066,222028,15b_Göteborg_S2.jpg,569,283,612,680,p1,gray
1067,222311,15b_Göteborg_S2.jpg,570,183,691,227,p1,gray
1068,222494,15b_Göteborg_S2.jpg,571,366,723,153,p1,gray
1069,222860,15b_Göteborg_S2.jpg,572,216,515,1019,p1,gray
1070,223077,15b_Göteborg_S2.jpg,573,350,538,1079,p1,gray
1071,223427,15b_Göteborg_S2.jpg,574,366,717,1067,p1,gray
1072,223793,15b_Göteborg_S2.jpg,575,283,535,1111,p1,gray
1073,224076,15b_Göteborg_S2.jpg,576,233,781,996,p1,gray
1074,224309,15b_Göteborg_S2.jpg,577,167,762,953,p1,gray
1075,224643,15b_Göteborg_S2.jpg,578,100,873,928,p1,gray
1076,224743,15b_Göteborg_S2.jpg,579,117,992,864,p1,gray
1077,224859,15b_Göteborg_S2.jpg,580,366,535,1145,p1,gray
1078,225226,15b_Göteborg_S2.jpg,581,266,535,1091,p1,gray
1079,225492,15b_Göteborg_S2.jpg,582,400,797,889,p1,gray
1080,225892,15b_Göteborg_S2.jpg,583,250,786,853,p1,gray
1081,226142,15b_Göteborg_S2.jpg,584,316,697,1124,p1,gray
1082,226458,15b_Göteborg_S2.jpg,585,117,765,1005,p1,gray
1083,226575,15b_Göteborg_S2.jpg,586,166,797,843,p1,gray
1084,226741,15b_Göteborg_S2.jpg,587,200,817,769,p1,gray
1085,226941,15b_Göteborg_S2.jpg,588,283,887,768,p1,gray
1086,227224,15b_Göteborg_S2.jpg,589,217,931,685,p1,gray
1087,227441,15b_Göteborg_S2.jpg,590,233,926,574,p1,gray
1088,227674,15b_Göteborg_S2.jpg,591,583,927,539,p1,gray
1089,228257,15b_Göteborg_S2.jpg,592,483,962,440,p1,gray
1090,228740,15b_Göteborg_S2.jpg,593,233,1135,438,p1,gray
1091,228973,15b_Göteborg_S2.jpg,594,266,959,572,p1,gray
1092,229240,15b_Göteborg_S2.jpg,595,166,935,598,p1,gray
1093,229406,15b_Göteborg_S2.jpg,596,316,968,520,p1,gray
1094,229723,15b_Göteborg_S2.jpg,597,366,1159,486,p1,gray
1095,230089,15b_Göteborg_S2.jpg,598,550,951,470,p1,gray
1096,230639,15b_Göteborg_S2.jpg,599,433,929,602,p1,gray
1097,231072,15b_Göteborg_S2.jpg,600,333,946,449,p1,gray
1098,231405,15b_Göteborg_S2.jpg,601,200,972,346,p1,gray
1099,231605,15b_Göteborg_S2.jpg,602,216,1156,185,p1,gray
1100,231821,15b_Göteborg_S2.jpg,603,266,747,116,p1,gray
1101,235002,16b_Hong_Kong_S2.jpg,608,217,429,587,p1,gray
1102,235352,16b_Hong_Kong_S2.jpg,609,283,449,591,p1,gray
1103,235635,16b_Hong_Kong_S2.jpg,610,200,556,617,p1,gray
1104,235835,16b_Hong_Kong_S2.jpg,611,216,957,653,p1,gray
1105,236052,16b_Hong_Kong_S2.jpg,612,183,985,615,p1,gray
1106,236235,16b_Hong_Kong_S2.jpg,613,166,783,773,p1,gray
1107,236401,16b_Hong_Kong_S2.jpg,614,583,530,624,p1,gray
1108,236984,16b_Hong_Kong_S2.jpg,615,416,662,726,p1,gray
1109,237401,16b_Hong_Kong_S2.jpg,616,250,609,676,p1,gray
1110,237651,16b_Hong_Kong_S2.jpg,617,283,648,690,p1,gray
1111,237934,16b_Hong_Kong_S2.jpg,618,117,612,666,p1,gray
1112,238050,16b_Hong_Kong_S2.jpg,619,183,515,584,p1,gray
1113,238233,16b_Hong_Kong_S2.jpg,620,133,460,588,p1,gray
1114,238500,16b_Hong_Kong_S2.jpg,621,100,453,559,p1,gray
1115,238600,16b_Hong_Kong_S2.jpg,622,183,601,590,p1,gray
1116,238783,16b_Hong_Kong_S2.jpg,623,216,556,592,p1,gray
1117,239000,16b_Hong_Kong_S2.jpg,624,250,452,586,p1,gray
1118,239399,16b_Hong_Kong_S2.jpg,625,183,478,554,p1,gray
1119,239583,16b_Hong_Kong_S2.jpg,626,616,570,587,p1,gray
1120,240366,16b_Hong_Kong_S2.jpg,627,133,559,565,p1,gray
1121,240499,16b_Hong_Kong_S2.jpg,628,250,785,594,p1,gray
1122,240748,16b_Hong_Kong_S2.jpg,629,233,908,607,p1,gray
1123,240982,16b_Hong_Kong_S2.jpg,630,300,665,584,p1,gray
1124,241281,16b_Hong_Kong_S2.jpg,631,266,918,612,p1,gray
1125,241548,16b_Hong_Kong_S2.jpg,632,283,956,637,p1,gray
1126,241831,16b_Hong_Kong_S2.jpg,633,250,984,585,p1,gray
1127,242081,16b_Hong_Kong_S2.jpg,634,283,534,472,p1,gray
1128,242364,16b_Hong_Kong_S2.jpg,635,749,349,236,p1,gray
1129,245712,17b_Krakau_S2.jpg,641,250,963,672,p1,gray
1130,245962,17b_Krakau_S2.jpg,642,283,1002,997,p1,gray
1131,246245,17b_Krakau_S2.jpg,643,450,1044,1031,p1,gray
1132,246694,17b_Krakau_S2.jpg,644,300,1133,1038,p1,gray
1133,246994,17b_Krakau_S2.jpg,645,383,1045,991,p1,gray
1134,247377,17b_Krakau_S2.jpg,646,350,1078,906,p1,gray
1135,247727,17b_Krakau_S2.jpg,647,333,1057,1005,p1,gray
1136,248060,17b_Krakau_S2.jpg,648,716,1116,934,p1,gray
1137,248776,17b_Krakau_S2.jpg,649,316,975,768,p1,gray
1138,249093,17b_Krakau_S2.jpg,650,633,959,622,p1,gray
1139,249726,17b_Krakau_S2.jpg,651,183,989,850,p1,gray
1140,249909,17b_Krakau_S2.jpg,652,216,1099,929,p1,gray
1141,250125,17b_Krakau_S2.jpg,653,533,1041,1016,p1,gray
1142,250658,17b_Krakau_S2.jpg,654,2615,1116,932,p1,gray
1143,253273,17b_Krakau_S2.jpg,655,266,1065,867,p1,gray
1144,253540,17b_Krakau_S2.jpg,656,466,961,759,p1,gray
1145,254006,17b_Krakau_S2.jpg,657,383,940,661,p1,gray
1146,254389,17b_Krakau_S2.jpg,658,700,940,732,p1,gray
1147,255089,17b_Krakau_S2.jpg,659,516,928,656,p1,gray
1148,255605,17b_Krakau_S2.jpg,660,949,928,602,p1,gray
1149,256555,17b_Krakau_S2.jpg,661,266,720,559,p1,gray
1150,256821,17b_Krakau_S2.jpg,662,200,672,571,p1,gray
1151,257021,17b_Krakau_S2.jpg,663,233,611,537,p1,gray
1152,257254,17b_Krakau_S2.jpg,664,516,585,483,p1,gray
1153,257871,17b_Krakau_S2.jpg,665,183,597,458,p1,gray
1154,258054,17b_Krakau_S2.jpg,666,1266,580,491,p1,gray
1155,259320,17b_Krakau_S2.jpg,667,250,771,387,p1,gray
1156,259569,17b_Krakau_S2.jpg,668,400,962,367,p1,gray
1157,259969,17b_Krakau_S2.jpg,669,600,984,321,p1,gray
1158,260569,17b_Krakau_S2.jpg,670,333,676,397,p1,gray
1159,260902,17b_Krakau_S2.jpg,671,500,584,442,p1,gray
1160,261401,17b_Krakau_S2.jpg,672,633,697,389,p1,gray
1161,262034,17b_Krakau_S2.jpg,673,466,735,386,p1,gray
1162,262501,17b_Krakau_S2.jpg,674,383,891,381,p1,gray
1163,262884,17b_Krakau_S2.jpg,675,183,947,373,p1,gray
1164,263184,17b_Krakau_S2.jpg,676,117,983,338,p1,gray
1165,263300,17b_Krakau_S2.jpg,677,283,921,379,p1,gray
1166,263583,17b_Krakau_S2.jpg,678,483,966,339,p1,gray
1167,264066,17b_Krakau_S2.jpg,679,933,975,301,p1,gray
1168,264999,17b_Krakau_S2.jpg,680,949,961,253,p1,gray
1169,266098,17b_Krakau_S2.jpg,681,733,745,521,p1,gray
1170,269096,18b_Ljubljana_S2.jpg,686,250,293,329,p1,gray
1171,269346,18b_Ljubljana_S2.jpg,687,100,180,298,p1,gray
1172,269546,18b_Ljubljana_S2.jpg,688,150,209,317,p1,gray
1173,269696,18b_Ljubljana_S2.jpg,689,416,621,305,p1,gray
1174,270112,18b_Ljubljana_S2.jpg,690,200,528,324,p1,gray
1175,270312,18b_Ljubljana_S2.jpg,691,266,631,341,p1,gray
1176,270579,18b_Ljubljana_S2.jpg,692,217,692,389,p1,gray
1177,270795,18b_Ljubljana_S2.jpg,693,500,636,372,p1,gray
1178,271295,18b_Ljubljana_S2.jpg,694,283,722,409,p1,gray
1179,271578,18b_Ljubljana_S2.jpg,695,200,756,398,p1,gray
1180,271778,18b_Ljubljana_S2.jpg,696,350,657,389,p1,gray
1181,272128,18b_Ljubljana_S2.jpg,697,866,637,359,p1,gray
1182,272994,18b_Ljubljana_S2.jpg,698,366,698,392,p1,gray
1183,273360,18b_Ljubljana_S2.jpg,699,150,735,390,p1,gray
1184,273510,18b_Ljubljana_S2.jpg,700,183,919,392,p1,gray
1185,273693,18b_Ljubljana_S2.jpg,701,466,1004,391,p1,gray
1186,274160,18b_Ljubljana_S2.jpg,702,233,751,406,p1,gray
1187,274393,18b_Ljubljana_S2.jpg,703,1382,707,412,p1,gray
1188,275775,18b_Ljubljana_S2.jpg,704,683,696,499,p1,gray
1189,276458,18b_Ljubljana_S2.jpg,705,250,721,555,p1,gray
1190,276708,18b_Ljubljana_S2.jpg,706,283,667,521,p1,gray
1191,276991,18b_Ljubljana_S2.jpg,707,366,655,487,p1,gray
1192,277357,18b_Ljubljana_S2.jpg,708,400,664,588,p1,gray
1193,277757,18b_Ljubljana_S2.jpg,709,250,710,438,p1,gray
1194,278124,18b_Ljubljana_S2.jpg,710,683,693,450,p1,gray
1195,278806,18b_Ljubljana_S2.jpg,711,350,1188,548,p1,gray
1196,279156,18b_Ljubljana_S2.jpg,712,316,1058,549,p1,gray
1197,279473,18b_Ljubljana_S2.jpg,713,316,1223,601,p1,gray
1198,279789,18b_Ljubljana_S2.jpg,714,183,1022,568,p1,gray
1199,280156,18b_Ljubljana_S2.jpg,715,83,995,533,p1,gray
1200,280239,18b_Ljubljana_S2.jpg,716,216,725,485,p1,gray
1201,280455,18b_Ljubljana_S2.jpg,717,566,687,470,p1,gray
1202,283603,19b_New_York_S2.jpg,722,250,436,141,p1,gray
1203,283970,19b_New_York_S2.jpg,723,117,450,127,p1,gray
1204,284086,19b_New_York_S2.jpg,724,516,294,234,p1,gray
1205,284603,19b_New_York_S2.jpg,725,266,426,183,p1,gray
1206,284869,19b_New_York_S2.jpg,726,233,482,152,p1,gray
1207,285102,19b_New_York_S2.jpg,727,200,553,175,p1,gray
1208,285302,19b_New_York_S2.jpg,728,633,457,151,p1,gray
1209,285935,19b_New_York_S2.jpg,729,300,567,159,p1,gray
1210,286235,19b_New_York_S2.jpg,730,400,553,265,p1,gray
1211,286635,19b_New_York_S2.jpg,731,566,554,375,p1,gray
1212,287201,19b_New_York_S2.jpg,732,450,547,453,p1,gray
1213,287651,19b_New_York_S2.jpg,733,200,543,498,p1,gray
1214,287850,19b_New_York_S2.jpg,734,316,485,497,p1,gray
1215,288167,19b_New_York_S2.jpg,735,383,529,535,p1,gray
1216,288550,19b_New_York_S2.jpg,736,949,542,581,p1,gray
1217,289649,19b_New_York_S2.jpg,737,833,510,552,p1,gray
1218,292497,20b_Paris_S2.jpg,741,216,528,434,p1,gray
1219,292714,20b_Paris_S2.jpg,742,150,580,731,p1,gray
1220,292864,20b_Paris_S2.jpg,743,200,554,881,p1,gray
1221,293064,20b_Paris_S2.jpg,744,550,583,910,p1,gray
1222,293613,20b_Paris_S2.jpg,745,250,627,909,p1,gray
1223,293863,20b_Paris_S2.jpg,746,416,565,848,p1,gray
1224,294279,20b_Paris_S2.jpg,747,650,622,914,p1,gray
1225,294929,20b_Paris_S2.jpg,748,200,561,845,p1,gray
1226,295129,20b_Paris_S2.jpg,749,200,439,705,p1,gray
1227,295329,20b_Paris_S2.jpg,750,216,416,594,p1,gray
1228,295545,20b_Paris_S2.jpg,751,250,416,482,p1,gray
1229,295795,20b_Paris_S2.jpg,752,183,420,378,p1,gray
1230,295978,20b_Paris_S2.jpg,753,266,438,347,p1,gray
1231,296245,20b_Paris_S2.jpg,754,200,481,316,p1,gray
1232,296445,20b_Paris_S2.jpg,755,167,429,377,p1,gray
1233,296611,20b_Paris_S2.jpg,756,466,427,560,p1,gray
1234,299909,21b_Pisa_S2.jpg,762,316,660,747,p1,gray
1235,300225,21b_Pisa_S2.jpg,763,233,294,714,p1,gray
1236,300459,21b_Pisa_S2.jpg,764,550,262,771,p1,gray
1237,301008,21b_Pisa_S2.jpg,765,466,262,708,p1,gray
1238,301475,21b_Pisa_S2.jpg,766,316,258,834,p1,gray
1239,301791,21b_Pisa_S2.jpg,767,200,298,833,p1,gray
1240,301991,21b_Pisa_S2.jpg,768,316,253,845,p1,gray
1241,302307,21b_Pisa_S2.jpg,769,500,256,944,p1,gray
1242,302807,21b_Pisa_S2.jpg,770,266,300,944,p1,gray
1243,303074,21b_Pisa_S2.jpg,771,516,333,819,p1,gray
1244,303590,21b_Pisa_S2.jpg,772,383,639,783,p1,gray
1245,303973,21b_Pisa_S2.jpg,773,283,681,828,p1,gray
1246,304256,21b_Pisa_S2.jpg,774,200,386,873,p1,gray
1247,304456,21b_Pisa_S2.jpg,775,650,259,935,p1,gray
1248,305106,21b_Pisa_S2.jpg,776,749,320,835,p1,gray
1249,305855,21b_Pisa_S2.jpg,777,383,423,836,p1,gray
1250,306238,21b_Pisa_S2.jpg,778,266,565,829,p1,gray
1251,306505,21b_Pisa_S2.jpg,779,966,673,828,p1,gray
1252,307471,21b_Pisa_S2.jpg,780,150,674,782,p1,gray
1253,307787,21b_Pisa_S2.jpg,781,133,621,734,p1,gray
1254,307920,21b_Pisa_S2.jpg,782,583,246,652,p1,gray
1255,310785,22b_Venedig_S2.jpg,787,949,1370,318,p1,gray
1256,311734,22b_Venedig_S2.jpg,788,167,1305,317,p1,gray
1257,311901,22b_Venedig_S2.jpg,789,716,1371,326,p1,gray
1258,312617,22b_Venedig_S2.jpg,790,200,705,565,p1,gray
1259,312817,22b_Venedig_S2.jpg,791,333,616,622,p1,gray
1260,313150,22b_Venedig_S2.jpg,792,266,1297,395,p1,gray
1261,313417,22b_Venedig_S2.jpg,793,150,792,640,p1,gray
1262,313566,22b_Venedig_S2.jpg,794,150,635,647,p1,gray
1263,313716,22b_Venedig_S2.jpg,795,350,711,677,p1,gray
1264,314066,22b_Venedig_S2.jpg,796,250,1316,363,p1,gray
1265,314316,22b_Venedig_S2.jpg,797,1699,1367,317,p1,gray
1266,316148,22b_Venedig_S2.jpg,798,1582,1370,312,p1,gray
1267,317730,22b_Venedig_S2.jpg,799,266,1406,371,p1,gray
1268,317997,22b_Venedig_S2.jpg,800,766,1389,333,p1,gray
1269,318763,22b_Venedig_S2.jpg,801,316,1276,374,p1,gray
1270,319079,22b_Venedig_S2.jpg,802,1016,1238,365,p1,gray
1271,320095,22b_Venedig_S2.jpg,803,183,1357,346,p1,gray
1272,320279,22b_Venedig_S2.jpg,804,533,1370,304,p1,gray
1273,320812,22b_Venedig_S2.jpg,805,333,1401,362,p1,gray
1274,321145,22b_Venedig_S2.jpg,806,183,1364,368,p1,gray
1275,321328,22b_Venedig_S2.jpg,807,383,1290,371,p1,gray
1276,321711,22b_Venedig_S2.jpg,808,750,1218,335,p1,gray
1277,322461,22b_Venedig_S2.jpg,809,233,1051,317,p1,gray
1278,322694,22b_Venedig_S2.jpg,810,1049,877,359,p1,gray
1279,323743,22b_Venedig_S2.jpg,811,150,658,306,p1,gray
1280,323893,22b_Venedig_S2.jpg,812,366,812,303,p1,gray
1281,324259,22b_Venedig_S2.jpg,813,166,896,366,p1,gray
1282,324426,22b_Venedig_S2.jpg,814,266,599,255,p1,gray
1283,324692,22b_Venedig_S2.jpg,815,283,468,247,p1,gray
1284,324976,22b_Venedig_S2.jpg,816,233,470,339,p1,gray
1285,325209,22b_Venedig_S2.jpg,817,233,511,372,p1,gray
1286,325442,22b_Venedig_S2.jpg,818,333,432,426,p1,gray
1287,325775,22b_Venedig_S2.jpg,819,200,403,473,p1,gray
1288,325975,22b_Venedig_S2.jpg,820,866,572,622,p1,gray
1289,326974,22b_Venedig_S2.jpg,821,133,657,494,p1,gray
1290,327107,22b_Venedig_S2.jpg,822,200,717,457,p1,gray
1291,327307,22b_Venedig_S2.jpg,823,283,492,428,p1,gray
1292,327724,22b_Venedig_S2.jpg,824,516,474,442,p1,gray
1293,330788,23b_Warschau_S2.jpg,829,183,953,200,p1,gray
1294,330972,23b_Warschau_S2.jpg,830,183,981,229,p1,gray
1295,331272,23b_Warschau_S2.jpg,831,83,494,757,p1,gray
1296,331355,23b_Warschau_S2.jpg,832,283,381,887,p1,gray
1297,331638,23b_Warschau_S2.jpg,833,117,1008,187,p1,gray
1298,331754,23b_Warschau_S2.jpg,834,183,979,231,p1,gray
1299,331938,23b_Warschau_S2.jpg,835,250,1214,262,p1,gray
1300,332187,23b_Warschau_S2.jpg,836,316,985,225,p1,gray
1301,332504,23b_Warschau_S2.jpg,837,316,623,220,p1,gray
1302,332820,23b_Warschau_S2.jpg,838,416,688,217,p1,gray
1303,333237,23b_Warschau_S2.jpg,839,433,537,271,p1,gray
1304,333670,23b_Warschau_S2.jpg,840,266,426,413,p1,gray
1305,333936,23b_Warschau_S2.jpg,841,316,397,448,p1,gray
1306,334253,23b_Warschau_S2.jpg,842,183,877,252,p1,gray
1307,334436,23b_Warschau_S2.jpg,843,133,916,233,p1,gray
1308,334569,23b_Warschau_S2.jpg,844,233,1005,229,p1,gray
1309,334802,23b_Warschau_S2.jpg,845,383,1286,271,p1,gray
1310,335185,23b_Warschau_S2.jpg,846,200,1362,482,p1,gray
1311,335385,23b_Warschau_S2.jpg,847,300,1318,460,p1,gray
1312,335685,23b_Warschau_S2.jpg,848,367,925,184,p1,gray
1313,336052,23b_Warschau_S2.jpg,849,299,664,142,p1,gray
1314,336351,23b_Warschau_S2.jpg,850,783,243,59,p1,gray
1315,337134,23b_Warschau_S2.jpg,851,200,928,190,p1,gray
1316,337334,23b_Warschau_S2.jpg,852,450,989,225,p1,gray
1317,337784,23b_Warschau_S2.jpg,853,283,830,225,p1,gray
1318,338067,23b_Warschau_S2.jpg,854,316,652,233,p1,gray
1319,338383,23b_Warschau_S2.jpg,855,200,602,236,p1,gray
1320,338583,23b_Warschau_S2.jpg,856,283,519,316,p1,gray
1321,338866,23b_Warschau_S2.jpg,857,217,425,446,p1,gray
1322,339083,23b_Warschau_S2.jpg,858,216,379,517,p1,gray
1323,339299,23b_Warschau_S2.jpg,859,283,378,678,p1,gray
1324,339582,23b_Warschau_S2.jpg,860,333,370,845,p1,gray
1325,339915,23b_Warschau_S2.jpg,861,600,347,907,p1,gray
1326,340665,23b_Warschau_S2.jpg,862,183,329,641,p1,gray
1327,340848,23b_Warschau_S2.jpg,863,1432,608,628,p1,gray
1328,343430,24b_Zürich_S2.jpg,868,183,415,684,p1,gray
1329,343613,24b_Zürich_S2.jpg,869,233,411,725,p1,gray
1330,343846,24b_Zürich_S2.jpg,870,200,416,674,p1,gray
1331,344046,24b_Zürich_S2.jpg,871,250,410,712,p1,gray
1332,344296,24b_Zürich_S2.jpg,872,266,512,708,p1,gray
1333,344562,24b_Zürich_S2.jpg,873,200,611,657,p1,gray
1334,344762,24b_Zürich_S2.jpg,874,400,717,583,p1,gray
1335,345162,24b_Zürich_S2.jpg,875,216,466,735,p1,gray
1336,345378,24b_Zürich_S2.jpg,876,316,421,748,p1,gray
1337,345695,24b_Zürich_S2.jpg,877,200,552,711,p1,gray
1338,345895,24b_Zürich_S2.jpg,878,167,631,648,p1,gray
1339,346061,24b_Zürich_S2.jpg,879,166,697,612,p1,gray
1340,346228,24b_Zürich_S2.jpg,880,583,709,574,p1,gray
1341,346811,24b_Zürich_S2.jpg,881,167,800,509,p1,gray
1342,346977,24b_Zürich_S2.jpg,882,150,866,493,p1,gray
1343,347127,24b_Zürich_S2.jpg,883,333,877,343,p1,gray
1344,347460,24b_Zürich_S2.jpg,884,450,898,249,p1,gray
1345,347910,24b_Zürich_S2.jpg,885,416,986,212,p1,gray
1346,348327,24b_Zürich_S2.jpg,886,466,1139,313,p1,gray
1347,348793,24b_Zürich_S2.jpg,887,266,643,454,p1,gray
